ticker,name,naver_tab,asset_class,risk_type,region,nav,market_cap_억,return_3m_pct
069500,KODEX 200,1,domestic_equity,위험자산,KRX,83414.0,175611,38.425
360750,TIGER 미국S&P500,4,overseas_equity,위험자산,USA,24403.0,146513,-3.6343
396500,TIGER 반도체TOP10,2,domestic_theme,위험자산,KRX,33297.0,84009,71.4512
459580,KODEX CD금리액티브(합성),6,bond_money_market,안전자산,KRX,1075136.0,81197,0.6808
133690,TIGER 미국나스닥100,4,overseas_equity,위험자산,USA,160119.0,78677,-4.6263
379800,KODEX 미국S&P500,4,overseas_equity,위험자산,USA,22304.0,78468,-3.5631
488770,KODEX 머니마켓액티브,7,mixed_bond,안전자산,KRX,103891.0,74635,0.8201
102110,TIGER 200,1,domestic_equity,위험자산,KRX,83396.0,73653,38.4957
229200,KODEX 코스닥150,1,domestic_equity,위험자산,KRX,19505.0,70157,23.8436
278530,KODEX 200TR,1,domestic_equity,위험자산,KRX,30010.0,56901,38.7648
379810,KODEX 미국나스닥100,4,overseas_equity,위험자산,USA,23996.0,55600,-4.6082
357870,TIGER CD금리투자KIS(합성),6,bond_money_market,안전자산,KRX,57253.0,48423,0.6769
411060,ACE KRX금현물,5,commodity,위험자산,KRX,29559.0,45520,-3.2243
423160,KODEX KOFR금리액티브(합성),6,bond_money_market,안전자산,KRX,110804.0,43616,0.6386
310970,TIGER MSCI Korea TR,1,domestic_equity,위험자산,KRX,36537.0,42215,40.4221
091160,KODEX 반도체,2,domestic_theme,위험자산,KRX,100357.0,39750,67.2613
273130,KODEX 종합채권(AA-이상)액티브,6,bond_money_market,안전자산,KRX,112049.0,38974,-2.1426
381170,TIGER 미국테크TOP10 INDXX,4,overseas_equity,위험자산,USA,28697.0,36783,-9.0564
0043B0,TIGER 머니마켓액티브,6,bond_money_market,안전자산,KRX,101980.0,35720,0.7758
381180,TIGER 미국필라델피아반도체나스닥,4,overseas_equity,위험자산,USA,30381.0,35099,8.2975
360200,ACE 미국S&P500,4,overseas_equity,위험자산,USA,24668.0,32874,-3.577
458730,TIGER 미국배당다우존스,4,overseas_equity,위험자산,USA,14422.0,30929,11.5049
148020,RISE 200,1,domestic_equity,위험자산,KRX,84072.0,30912,38.8849
481050,KODEX CD1년금리플러스액티브(합성),6,bond_money_market,안전자산,KRX,1023153.0,28115,0.6973
367380,ACE 미국나스닥100,4,overseas_equity,위험자산,USA,27532.0,26948,-4.6436
455890,RISE 머니마켓액티브,6,bond_money_market,안전자산,KRX,54702.0,24932,0.7924
161510,PLUS 고배당주,2,domestic_theme,위험자산,KRX,25714.0,24927,18.7714
102780,KODEX 삼성그룹,2,domestic_theme,위험자산,KRX,18168.0,24720,29.4717
449170,TIGER KOFR금리액티브(합성),6,bond_money_market,안전자산,KRX,110480.0,24449,0.6239
292150,TIGER 코리아TOP10,2,domestic_theme,위험자산,KRX,29889.0,22770,48.3049
278540,KODEX MSCI Korea TR,1,domestic_equity,위험자산,KRX,29038.0,22678,40.8366
232080,TIGER 코스닥150,1,domestic_equity,위험자산,KRX,19897.0,21756,24.3606
395160,KODEX AI반도체,2,domestic_theme,위험자산,KRX,27615.0,21445,57.2266
214980,KODEX 단기채권PLUS,6,bond_money_market,안전자산,KRX,114695.0,20127,0.5808
0117L0,KODEX 26-12 금융채(AA-이상)액티브,6,bond_money_market,안전자산,KRX,10032.0,19309,0.7024
305720,KODEX 2차전지산업,2,domestic_theme,위험자산,KRX,16464.0,18597,7.2243
487240,KODEX AI전력핵심설비,2,domestic_theme,위험자산,KRX,32567.0,18241,39.2578
466920,SOL 조선TOP3플러스,2,domestic_theme,위험자산,KRX,33830.0,17701,-2.8153
385540,RISE 종합채권(A-이상)액티브,6,bond_money_market,안전자산,KRX,104943.0,17674,-1.9643
453850,ACE 미국30년국채액티브(H),6,bond_money_market,안전자산,KRX,7554.0,17616,-1.7805
395270,HANARO Fn K-반도체,2,domestic_theme,위험자산,KRX,34509.0,17031,69.1996
449450,PLUS K방산,2,domestic_theme,위험자산,KRX,69184.0,16366,27.4645
475630,TIGER CD1년금리액티브(합성),7,mixed_bond,안전자산,KRX,1061940.0,15986,0.6716
294400,KIWOOM 200TR,1,domestic_equity,위험자산,KRX,108814.0,15749,38.6327
477080,RISE CD금리액티브(합성),6,bond_money_market,안전자산,KRX,106138.0,14895,0.6592
284430,KODEX 200미국채혼합,6,bond_money_market,안전자산,KRX,19665.0,14748,15.1857
329200,TIGER 리츠부동산인프라,2,domestic_theme,위험자산,KRX,4598.0,14539,5.1155
0061Z0,RISE 단기특수은행채액티브,6,bond_money_market,안전자산,KRX,50354.0,14507,0.6396
315930,KODEX Top5PlusTR,2,domestic_theme,위험자산,KRX,60389.0,14216,42.9446
487230,KODEX 미국AI전력핵심인프라,4,overseas_equity,위험자산,USA,19984.0,13885,14.3569
0072R0,TIGER KRX금현물,5,commodity,위험자산,KRX,14125.0,13884,-3.1879
105190,ACE 200,1,domestic_equity,위험자산,KRX,83846.0,13418,38.4338
379780,RISE 미국S&P500,4,overseas_equity,위험자산,USA,21304.0,13354,-3.64
371460,TIGER 차이나전기차SOLACTIVE,4,overseas_equity,위험자산,China,13306.0,12917,5.8994
152100,PLUS 200,1,domestic_equity,위험자산,KRX,84742.0,12736,38.341
368590,RISE 미국나스닥100,4,overseas_equity,위험자산,USA,26680.0,12325,-4.6118
144600,KODEX 은선물(H),5,commodity,위험자산,KRX,11429.0,11879,-12.3425
0139F0,TIGER 12월자동연장금융채(AA-이상)액티브,6,bond_money_market,안전자산,KRX,100833.0,11851,0.654
456600,TIME 글로벌AI인공지능액티브,4,overseas_equity,위험자산,Global,42590.0,11691,17.2143
436140,SOL 종합채권(AA-이상)액티브,6,bond_money_market,안전자산,KRX,108096.0,11589,-2.143
457480,ACE 테슬라밸류체인액티브,4,overseas_equity,위험자산,Other_Overseas,20561.0,11245,-15.6999
305540,TIGER 2차전지테마,2,domestic_theme,위험자산,KRX,20170.0,11167,6.6405
157450,TIGER 단기통안채,6,bond_money_market,안전자산,KRX,111298.0,11051,0.5238
426030,TIME 미국나스닥100액티브,4,overseas_equity,위험자산,USA,39097.0,10860,7.6038
448330,KODEX 삼성전자채권혼합,1,domestic_equity,위험자산,KRX,15295.0,10828,17.3165
455850,SOL AI반도체소부장,2,domestic_theme,위험자산,KRX,26600.0,10692,56.7551
451540,TIGER 종합채권(AA-이상)액티브,6,bond_money_market,안전자산,KRX,53944.0,10591,-2.2069
356540,ACE 종합채권(AA-이상)액티브,6,bond_money_market,안전자산,KRX,103107.0,10432,-2.0021
446770,ACE 글로벌반도체TOP4 Plus,4,overseas_equity,위험자산,Global,57946.0,10382,23.9958
0163Y0,KoAct 코스닥액티브,1,domestic_equity,위험자산,KRX,12401.0,10108,
469830,SOL 초단기채권액티브,6,bond_money_market,안전자산,KRX,53589.0,10016,0.7805
445290,KODEX 로봇액티브,2,domestic_theme,위험자산,KRX,31311.0,9878,16.6988
102970,KODEX 증권,2,domestic_theme,위험자산,KRX,25275.0,9629,65.3671
465580,ACE 미국빅테크TOP7 Plus,4,overseas_equity,위험자산,USA,21476.0,9596,-8.2266
466940,TIGER 은행고배당플러스TOP10,2,domestic_theme,위험자산,KRX,24574.0,9580,14.8644
494890,KODEX 200액티브,1,domestic_equity,위험자산,KRX,24085.0,9559,38.0957
139260,TIGER 200 IT,2,domestic_theme,위험자산,KRX,83826.0,9282,52.7535
438080,ACE 미국S&P500미국채혼합50액티브,7,mixed_bond,안전자산,KRX,13941.0,9158,-0.9044
446720,SOL 미국배당다우존스,4,overseas_equity,위험자산,USA,13224.0,9060,11.6817
479080,1Q 머니마켓액티브,6,bond_money_market,안전자산,KRX,52996.0,8805,0.7701
371160,TIGER 차이나항셍테크,4,overseas_equity,위험자산,China,7896.0,8613,-13.4542
091230,TIGER 반도체,2,domestic_theme,위험자산,KRX,105115.0,8603,69.363
226490,KODEX 코스피,1,domestic_equity,위험자산,KRX,57327.0,8467,32.5589
497570,TIGER 미국필라델피아AI반도체나스닥,4,overseas_equity,위험자산,USA,16985.0,8401,6.3239
494670,TIGER 조선TOP10,2,domestic_theme,위험자산,KRX,26924.0,8245,-4.6118
390390,KODEX 미국반도체,4,overseas_equity,위험자산,USA,39878.0,8192,8.4621
434730,HANARO 원자력iSelect,2,domestic_theme,위험자산,KRX,67787.0,8160,40.1619
463250,TIGER K방산&우주,2,domestic_theme,위험자산,KRX,44090.0,8114,43.1691
479520,RISE KOFR금리액티브(합성),6,bond_money_market,안전자산,KRX,105156.0,8113,0.6219
495050,RISE 코리아밸류업,1,domestic_equity,위험자산,KRX,24841.0,7825,42.4314
402970,ACE 미국배당다우존스,4,overseas_equity,위험자산,USA,14654.0,7787,11.6745
462010,TIGER 2차전지소재Fn,2,domestic_theme,위험자산,KRX,6470.0,7614,9.5581
272580,TIGER 단기채권액티브,6,bond_money_market,안전자산,KRX,56419.0,7607,0.6423
487340,ACE 머니마켓액티브,6,bond_money_market,안전자산,KRX,104265.0,7334,0.783
153130,KODEX 단기채권,6,bond_money_market,안전자산,KRX,113267.0,7305,0.5172
251600,PLUS 고배당주채권혼합,7,mixed_bond,안전자산,KRX,15585.0,7274,8.4003
444200,SOL 코리아메가테크액티브,2,domestic_theme,위험자산,KRX,42589.0,7146,33.8821
138540,TIGER 현대차그룹플러스,2,domestic_theme,위험자산,KRX,57712.0,7083,34.8914
0091P0,TIGER 코리아원자력,2,domestic_theme,위험자산,KRX,21464.0,7035,105.1282
449180,KODEX 미국S&P500(H),4,overseas_equity,위험자산,USA,14838.0,6968,-6.2401
438330,TIGER 우량회사채액티브,6,bond_money_market,안전자산,KRX,114605.0,6921,-1.1253
237350,KODEX 코스피100,1,domestic_equity,위험자산,KRX,66065.0,6875,40.0043
441800,TIME Korea플러스배당액티브,1,domestic_equity,위험자산,KRX,26865.0,6666,37.5809
456610,TIGER 미국달러SOFR금리액티브(합성),6,bond_money_market,안전자산,KRX,63840.0,6558,3.0739
455030,KODEX 미국달러SOFR금리액티브(합성),6,bond_money_market,안전자산,KRX,12861.0,6528,2.9549
0162Z0,RISE 삼성전자SK하이닉스채권혼합50,7,mixed_bond,안전자산,KRX,10160.0,6262,
495850,KODEX 코리아밸류업,1,domestic_equity,위험자산,KRX,24746.0,6213,42.5429
385560,RISE KIS국고채30년Enhanced,6,bond_money_market,안전자산,KRX,62405.0,6139,-9.9307
0048J0,KODEX 미국머니마켓액티브,6,bond_money_market,안전자산,KRX,14965.0,6073,3.0566
438100,ACE 미국나스닥100미국채혼합50액티브,7,mixed_bond,안전자산,KRX,14750.0,6071,-1.3185
447770,TIGER 테슬라채권혼합Fn,7,mixed_bond,안전자산,KRX,14389.0,6069,-9.2827
0127P0,ACE 미국대형성장주액티브,4,overseas_equity,위험자산,USA,9581.0,6059,-8.2649
314250,KODEX 미국빅테크10(H),4,overseas_equity,위험자산,USA,49053.0,6040,-12.2569
462900,KoAct 바이오헬스케어액티브,2,domestic_theme,위험자산,KRX,23394.0,6036,2.1095
0105E0,SOL 코리아고배당,2,domestic_theme,위험자산,KRX,12953.0,5895,18.9242
0117V0,TIGER 코리아AI전력기기TOP3플러스,2,domestic_theme,위험자산,KRX,17506.0,5890,40.8055
069660,KIWOOM 200,1,domestic_equity,위험자산,KRX,83323.0,5874,39.1478
458250,TIGER 미국30년국채스트립액티브(합성 H),6,bond_money_market,안전자산,KRX,37479.0,5858,-3.2394
484790,KODEX 미국30년국채액티브(H),6,bond_money_market,안전자산,KRX,8693.0,5832,-1.9992
0025N0,TIGER TDF2045,7,mixed_bond,안전자산,KRX,11425.0,5799,-2.6773
476800,KODEX 한국부동산리츠인프라,7,mixed_bond,안전자산,KRX,4847.0,5743,1.3482
0131V0,1Q 미국우주항공테크,4,overseas_equity,위험자산,USA,12399.0,5737,-12.0509
364980,TIGER 2차전지TOP10,2,domestic_theme,위험자산,KRX,10225.0,5707,4.7278
091180,KODEX 자동차,2,domestic_theme,위험자산,KRX,30871.0,5366,23.9797
0148J0,TIGER 코리아휴머노이드로봇산업,2,domestic_theme,위험자산,KRX,11459.0,5334,
114260,KODEX 국고채3년,6,bond_money_market,안전자산,KRX,61269.0,5269,-0.9001
0162Y0,TIME 코스닥액티브,1,domestic_equity,위험자산,KRX,11398.0,5250,
293180,HANARO 200,1,domestic_equity,위험자산,KRX,83664.0,5193,38.3357
473290,KODEX 26-12 회사채(AA-이상)액티브,6,bond_money_market,안전자산,KRX,10756.0,5125,0.5137
469150,ACE AI반도체TOP3+,2,domestic_theme,위험자산,KRX,46930.0,4969,78.973
0080G0,KODEX 방산TOP10,2,domestic_theme,위험자산,KRX,13223.0,4940,27.3863
471230,KODEX 국고채10년액티브,6,bond_money_market,안전자산,KRX,105888.0,4882,-2.8799
477050,PLUS 머니마켓액티브,6,bond_money_market,안전자산,KRX,52745.0,4881,0.7738
491010,TIGER 글로벌AI전력인프라액티브,4,overseas_equity,위험자산,Global,23441.0,4879,19.5877
270810,RISE 코스닥150,1,domestic_equity,위험자산,KRX,19369.0,4870,24.1458
0052D0,TIGER 코리아배당다우존스,2,domestic_theme,위험자산,KRX,15805.0,4852,16.3121
434060,KODEX TDF2050액티브,7,mixed_bond,안전자산,KRX,16211.0,4849,-2.3374
480260,TIGER 27-04회사채(A+이상)액티브,6,bond_money_market,안전자산,KRX,53246.0,4820,0.0282
251350,KODEX MSCI선진국,4,overseas_equity,위험자산,Global,36570.0,4752,-3.1862
329750,TIGER 미국달러단기채권액티브,6,bond_money_market,안전자산,KRX,13963.0,4716,2.8415
091170,KODEX 은행,2,domestic_theme,위험자산,KRX,14641.0,4614,14.6651
315960,RISE 대형고배당10TR,2,domestic_theme,위험자산,KRX,57517.0,4600,49.2173
469070,RISE AI&로봇,2,domestic_theme,위험자산,KRX,14510.0,4594,6.4954
489250,KODEX 미국배당다우존스,4,overseas_equity,위험자산,USA,12416.0,4553,11.443
148070,KIWOOM 국고채10년,6,bond_money_market,안전자산,KRX,106341.0,4543,-2.6381
449190,KODEX 미국나스닥100(H),4,overseas_equity,위험자산,USA,18403.0,4542,-7.3008
471990,KODEX AI반도체핵심장비,2,domestic_theme,위험자산,KRX,25734.0,4532,65.4438
454780,KIWOOM 종합채권(AA-이상)액티브,6,bond_money_market,안전자산,KRX,101767.0,4427,-2.2366
463050,TIME K바이오액티브,2,domestic_theme,위험자산,KRX,19854.0,4397,4.4977
448290,TIGER 미국S&P500(H),4,overseas_equity,위험자산,USA,15404.0,4371,-6.2557
451000,PLUS 종합채권(AA-이상)액티브,6,bond_money_market,안전자산,KRX,109387.0,4320,-1.8502
499660,TIGER CD금리플러스액티브(합성),7,mixed_bond,안전자산,KRX,1002113.0,4296,0.687
132030,KODEX 골드선물(H),5,commodity,위험자산,KRX,25048.0,4200,-6.8374
365780,ACE 국고채10년,6,bond_money_market,안전자산,KRX,83906.0,4123,-2.7197
496080,TIGER 코리아밸류업,1,domestic_equity,위험자산,KRX,24809.0,4100,41.8935
0007F0,KODEX 27-12 회사채(AA-이상)액티브,6,bond_money_market,안전자산,KRX,10060.0,4042,-0.0992
490490,SOL 미국배당미국채혼합50,7,mixed_bond,안전자산,KRX,11398.0,4041,6.224
295040,SOL 200TR,1,domestic_equity,위험자산,KRX,31134.0,4023,38.6202
277630,TIGER 코스피,1,domestic_equity,위험자산,KRX,58025.0,4007,32.512
478150,TIME 글로벌우주테크&방산액티브,4,overseas_equity,위험자산,Global,22078.0,4007,7.3624
0122W0,RISE 26-11 회사채(AA-이상)액티브,6,bond_money_market,안전자산,KRX,50380.0,3998,0.7199
361580,RISE 200TR,1,domestic_equity,위험자산,KRX,47158.0,3990,38.5638
241180,TIGER 일본니케이225,4,overseas_equity,위험자산,Japan,29460.0,3973,1.7199
0023A0,SOL 미국양자컴퓨팅TOP10,4,overseas_equity,위험자산,USA,22524.0,3910,-23.403
461490,RISE 글로벌자산배분액티브,7,mixed_bond,안전자산,KRX,14585.0,3853,-2.3091
157500,TIGER 증권,2,domestic_theme,위험자산,KRX,17235.0,3828,66.0476
139230,TIGER 200 중공업,2,domestic_theme,위험자산,KRX,15297.0,3780,8.8373
307520,TIGER 지주회사,2,domestic_theme,위험자산,KRX,20120.0,3766,22.529
279530,KODEX 고배당주,2,domestic_theme,위험자산,KRX,17336.0,3753,20.3071
453810,KODEX 인도Nifty50,4,overseas_equity,위험자산,India,12344.0,3744,-15.8291
302450,RISE 코스피,1,domestic_equity,위험자산,KRX,57896.0,3735,32.5308
484880,SOL 금융지주플러스고배당,2,domestic_theme,위험자산,KRX,20515.0,3719,18.166
442580,PLUS 글로벌HBM반도체,4,overseas_equity,위험자산,USA,62469.0,3701,49.9755
0053L0,TIGER 차이나휴머노이드로봇,4,overseas_equity,위험자산,China,11874.0,3652,-5.8806
0016X0,SOL 중단기회사채(A-이상)액티브,6,bond_money_market,안전자산,KRX,50774.0,3623,0.2765
439870,KODEX 국고채30년액티브,6,bond_money_market,안전자산,KRX,100466.0,3592,-7.9479
456880,ACE 미국달러SOFR금리(합성),7,mixed_bond,안전자산,KRX,12920.0,3591,2.8672
453870,TIGER 인도니프티50,4,overseas_equity,위험자산,India,12168.0,3577,-15.5428
0046A0,TIGER 미국초단기(3개월이하)국채,6,bond_money_market,안전자산,KRX,10353.0,3565,2.9133
0060H0,TIGER 토탈월드스탁액티브,1,domestic_equity,위험자산,KRX,11847.0,3506,-2.7522
442320,RISE 글로벌원자력,4,overseas_equity,위험자산,Global,43247.0,3439,10.621
466950,TIGER 글로벌AI액티브,4,overseas_equity,위험자산,Global,25140.0,3415,6.063
437080,KODEX 미국종합채권ESG액티브(H),6,bond_money_market,안전자산,KRX,99365.0,3280,-1.2842
273140,KODEX 단기변동금리부채권액티브,6,bond_money_market,안전자산,KRX,114766.0,3271,0.6733
472870,RISE 미국30년국채엔화노출(합성 H),6,bond_money_market,안전자산,KRX,7964.0,3257,-2.6761
472170,TIGER 미국테크TOP10채권혼합,7,mixed_bond,안전자산,KRX,13388.0,3186,-5.0089
363570,KODEX 장기종합채권(AA-이상)액티브,6,bond_money_market,안전자산,KRX,91618.0,3159,-4.6836
421320,PLUS 우주항공&UAM,2,domestic_theme,위험자산,KRX,45834.0,3156,69.9558
439860,KODEX ESG종합채권(A-이상)액티브,6,bond_money_market,안전자산,KRX,112965.0,3153,-0.8342
228790,TIGER 화장품,2,domestic_theme,위험자산,KRX,3512.0,3139,4.3872
433500,ACE 원자력TOP10,2,domestic_theme,위험자산,KRX,68333.0,3079,66.1773
0038A0,KODEX 미국휴머노이드로봇,4,overseas_equity,위험자산,USA,15711.0,3045,-7.0928
385550,RISE 단기채권알파액티브,6,bond_money_market,안전자산,KRX,112697.0,3011,0.6071
290130,RISE ESG사회책임투자,2,domestic_theme,위험자산,KRX,33710.0,3004,42.7003
472160,TIGER 미국테크TOP10 INDXX(H),4,overseas_equity,위험자산,USA,16344.0,2998,-11.595
435420,TIGER 미국나스닥100채권혼합Fn,7,mixed_bond,안전자산,KRX,13368.0,2961,-2.8007
476760,ACE 미국30년국채액티브,6,bond_money_market,안전자산,KRX,10142.0,2958,0.7119
0094K0,TIGER 28-04 회사채(A+이상)액티브,6,bond_money_market,안전자산,KRX,98589.0,2940,-0.6753
481190,SOL 미국테크TOP10,4,overseas_equity,위험자산,USA,15570.0,2938,-9.0024
448300,TIGER 미국나스닥100(H),4,overseas_equity,위험자산,USA,19001.0,2925,-7.3413
245710,ACE 베트남VN30(합성),4,overseas_equity,위험자산,Vietnam,28291.0,2916,-10.66
0098F0,KODEX 원자력SMR,2,domestic_theme,위험자산,KRX,20010.0,2904,81.8181
458260,TIGER 미국투자등급회사채액티브(H),6,bond_money_market,안전자산,KRX,47712.0,2817,-1.82
488980,SOL 26-12 회사채(AA-이상)액티브,6,bond_money_market,안전자산,KRX,51459.0,2791,0.7243
244580,KODEX 바이오,2,domestic_theme,위험자산,KRX,12702.0,2783,2.5925
394670,TIGER 글로벌리튬&2차전지SOLACTIVE(합성),4,overseas_equity,위험자산,Global,11522.0,2779,4.4504
485540,KODEX 미국AI테크TOP10,4,overseas_equity,위험자산,USA,13920.0,2710,-9.3155
283580,KODEX 차이나CSI300,4,overseas_equity,위험자산,China,15619.0,2708,-0.255
364970,TIGER 바이오TOP10,2,domestic_theme,위험자산,KRX,8156.0,2682,-10.2623
385720,TIME 코스피액티브,1,domestic_equity,위험자산,KRX,20355.0,2670,38.3327
451060,1Q 200액티브,1,domestic_equity,위험자산,KRX,26902.0,2668,38.2609
302190,TIGER 중장기국채,6,bond_money_market,안전자산,KRX,50334.0,2668,-1.7997
473460,KODEX 미국서학개미,4,overseas_equity,위험자산,USA,21914.0,2611,-13.4053
196230,RISE 단기통안채,6,bond_money_market,안전자산,KRX,115692.0,2611,0.4995
448630,RISE 삼성그룹Top3채권혼합,7,mixed_bond,안전자산,KRX,13447.0,2566,13.6635
385510,KODEX 신재생에너지액티브,2,domestic_theme,위험자산,KRX,42304.0,2539,46.1408
329650,KODEX TRF3070,7,mixed_bond,안전자산,KRX,14261.0,2531,-0.9784
433330,SOL 미국S&P500,4,overseas_equity,위험자산,USA,20398.0,2525,-3.6647
0052S0,1Q 미국S&P500미국채혼합50액티브,7,mixed_bond,안전자산,KRX,11578.0,2520,-0.6742
0051G0,SOL 미국원자력SMR,4,overseas_equity,위험자산,USA,15652.0,2519,-9.0437
0000J0,PLUS 한화그룹주,2,domestic_theme,위험자산,KRX,37724.0,2506,44.9301
486450,SOL 미국AI전력인프라,4,overseas_equity,위험자산,USA,20900.0,2483,3.7055
0153K0,KODEX 주주환원고배당주,2,domestic_theme,위험자산,KRX,11367.0,2456,
213610,KODEX 삼성그룹밸류,2,domestic_theme,위험자산,KRX,16816.0,2454,26.741
0093A0,RISE AI반도체TOP10,2,domestic_theme,위험자산,KRX,31834.0,2451,91.5178
310960,TIGER 200TR,1,domestic_equity,위험자산,KRX,48576.0,2432,38.6922
448540,ACE 엔비디아채권혼합,7,mixed_bond,안전자산,KRX,24995.0,2424,-0.9966
0064K0,KODEX 금액티브,5,commodity,위험자산,KRX,13770.0,2402,-2.8377
305080,TIGER 미국채10년선물,6,bond_money_market,안전자산,KRX,13446.0,2396,0.7404
0026S0,1Q 미국S&P500,4,overseas_equity,위험자산,USA,11927.0,2392,-3.7159
461950,KODEX 2차전지핵심소재10,2,domestic_theme,위험자산,KRX,6352.0,2365,8.1427
160580,TIGER 구리실물,5,commodity,위험자산,KRX,14660.0,2356,-2.4967
354500,ACE 코스닥150,1,domestic_equity,위험자산,KRX,19668.0,2347,23.5882
0047A0,TIGER 차이나테크TOP10,4,overseas_equity,위험자산,China,11527.0,2326,-8.3131
0089D0,KODEX 금융고배당TOP10,2,domestic_theme,위험자산,KRX,12632.0,2299,16.7007
476450,KIWOOM 머니마켓액티브,6,bond_money_market,안전자산,KRX,52064.0,2284,0.7827
495230,KoAct 코리아밸류업액티브,1,domestic_equity,위험자산,KRX,25114.0,2280,42.187
422420,RISE 2차전지액티브,2,domestic_theme,위험자산,KRX,8358.0,2272,15.4608
498270,KIWOOM 미국양자컴퓨팅,4,overseas_equity,위험자산,USA,12352.0,2234,-15.5595
466930,SOL 자동차TOP3플러스,2,domestic_theme,위험자산,KRX,20982.0,2216,38.3732
266160,RISE 고배당,2,domestic_theme,위험자산,KRX,28494.0,2210,36.6437
491610,1Q CD금리액티브(합성),6,bond_money_market,안전자산,KRX,103644.0,2209,0.656
272560,RISE 단기국공채액티브,6,bond_money_market,안전자산,KRX,113594.0,2196,0.491
0048K0,KODEX 차이나휴머노이드로봇,4,overseas_equity,위험자산,China,9696.0,2186,-5.4134
190620,ACE 단기통안채,6,bond_money_market,안전자산,KRX,100848.0,2184,0.5276
0101N0,RISE AI전력인프라,2,domestic_theme,위험자산,KRX,16748.0,2150,32.6514
426020,TIME 미국S&P500액티브,4,overseas_equity,위험자산,USA,28883.0,2130,2.0146
496020,WON 전단채플러스액티브,6,bond_money_market,안전자산,KRX,51669.0,2109,0.849
472920,HK 종합채권(AA-이상)액티브,6,bond_money_market,안전자산,KRX,99929.0,2085,-1.6173
497880,SOL CD금리&머니마켓액티브,6,bond_money_market,안전자산,KRX,50115.0,2078,0.7618
483320,ACE 엔비디아밸류체인액티브,4,overseas_equity,위험자산,Other_Overseas,17651.0,2037,16.9168
200250,KIWOOM 인도Nifty50(합성),4,overseas_equity,위험자산,India,22543.0,2028,-16.0924
388420,RISE 비메모리반도체액티브,2,domestic_theme,위험자산,KRX,22188.0,2018,39.0494
143860,TIGER 헬스케어,2,domestic_theme,위험자산,KRX,49829.0,2018,2.6575
464240,KIWOOM 26-09회사채(AA-이상)액티브,6,bond_money_market,안전자산,KRX,52218.0,1999,0.6981
471040,KoAct 글로벌AI&로봇액티브,4,overseas_equity,위험자산,Global,24800.0,1988,14.3861
396520,TIGER 차이나반도체FACTSET,4,overseas_equity,위험자산,China,10153.0,1977,1.7173
0092C0,SOL 27-12 회사채(AA-이상)액티브,6,bond_money_market,안전자산,KRX,49630.0,1976,0.0805
452360,SOL 미국배당다우존스(H),4,overseas_equity,위험자산,USA,12013.0,1967,8.7199
367760,RISE 네트워크인프라,2,domestic_theme,위험자산,KRX,34112.0,1967,52.749
332930,HANARO 200TR,1,domestic_equity,위험자산,KRX,108844.0,1963,38.5698
0111P0,1Q 미국나스닥100미국채혼합50액티브,7,mixed_bond,안전자산,KRX,10530.0,1953,-1.1636
471760,TIGER AI반도체핵심공정,2,domestic_theme,위험자산,KRX,19523.0,1930,72.1136
490090,TIGER 미국AI빅테크10,4,overseas_equity,위험자산,USA,14261.0,1927,-7.6039
463290,1Q 단기금융채액티브,6,bond_money_market,안전자산,KRX,107857.0,1923,0.6527
0167A0,SOL AI반도체TOP2플러스,2,domestic_theme,위험자산,KRX,10398.0,1905,
0123G0,TIGER 미국AI전력SMR,4,overseas_equity,위험자산,USA,7205.0,1886,-8.0311
414780,TIGER 차이나과창판STAR50(합성),4,overseas_equity,위험자산,China,11561.0,1879,-1.3401
304660,KODEX 미국30년국채울트라선물(H),6,bond_money_market,안전자산,KRX,7523.0,1871,-2.164
0043Y0,TIME 차이나AI테크액티브,4,overseas_equity,위험자산,China,15896.0,1867,12.6511
114100,RISE 국고채3년,6,bond_money_market,안전자산,KRX,106727.0,1796,-0.9316
0001S0,TIGER 26-04 회사채(A+이상)액티브,6,bond_money_market,안전자산,KRX,51190.0,1774,0.5106
458210,KIWOOM CD금리액티브(합성),7,mixed_bond,안전자산,KRX,109212.0,1769,0.6358
465780,마이티 26-09 특수채(AAA)액티브,6,bond_money_market,안전자산,KRX,105147.0,1749,0.6312
0015B0,KoAct 미국나스닥성장기업액티브,4,overseas_equity,위험자산,USA,16611.0,1738,11.8335
237370,KODEX 코리아배당성장채권혼합,7,mixed_bond,안전자산,KRX,15685.0,1692,7.0667
0092B0,SOL 한국원자력SMR,2,domestic_theme,위험자산,KRX,20197.0,1661,91.5504
0005D0,SOL 전고체배터리&실리콘음극재,2,domestic_theme,위험자산,KRX,17854.0,1638,33.0372
0119H0,KODEX 28-12 회사채(AA-이상)액티브,6,bond_money_market,안전자산,KRX,9803.0,1635,-0.8061
325020,KODEX 배당가치,2,domestic_theme,위험자산,KRX,25064.0,1631,26.6261
483340,ACE 구글밸류체인액티브,4,overseas_equity,위험자산,Other_Overseas,17686.0,1612,11.9533
0091C0,KODEX 미국10년국채액티브(H),6,bond_money_market,안전자산,KRX,9863.0,1606,-1.4066
325010,KODEX 성장주,2,domestic_theme,위험자산,KRX,33273.0,1598,36.5291
455860,SOL 2차전지소부장Fn,2,domestic_theme,위험자산,KRX,5940.0,1594,8.7719
182480,TIGER 미국MSCI리츠(합성 H),7,mixed_bond,안전자산,KRX,12688.0,1589,2.3877
474590,WON 반도체밸류체인액티브,2,domestic_theme,위험자산,KRX,29885.0,1588,58.928
332500,ACE 200TR,1,domestic_equity,위험자산,KRX,55847.0,1565,38.5812
372330,KODEX 차이나항셍테크,4,overseas_equity,위험자산,China,7865.0,1556,-13.3309
461270,ACE 26-06 회사채(AA-이상)액티브,6,bond_money_market,안전자산,KRX,11145.0,1538,0.6331
192090,TIGER 차이나CSI300,4,overseas_equity,위험자산,China,12803.0,1534,-0.7714
429000,TIGER 미국S&P500배당귀족,4,overseas_equity,위험자산,USA,13287.0,1528,0.6801
0019K0,TIME 미국나스닥100채권혼합50액티브,7,mixed_bond,안전자산,KRX,12021.0,1524,2.2325
481180,SOL 미국AI소프트웨어,4,overseas_equity,위험자산,USA,12623.0,1523,-20.9806
136340,RISE 중기우량회사채,6,bond_money_market,안전자산,KRX,104681.0,1503,-0.74
0138Y0,PLUS 금채권혼합,7,mixed_bond,안전자산,KRX,10180.0,1503,-2.0915
491230,PLUS 국공채머니마켓액티브,6,bond_money_market,안전자산,KRX,51812.0,1498,0.7096
403790,마이다스 코스피액티브,1,domestic_equity,위험자산,KRX,46596.0,1466,31.3056
495060,TIME 코리아밸류업액티브,1,domestic_equity,위험자산,KRX,22671.0,1457,44.183
442570,RISE TDF2050액티브,7,mixed_bond,안전자산,KRX,15889.0,1440,-0.3373
451530,TIGER 국고채30년스트립액티브,6,bond_money_market,안전자산,KRX,45484.0,1433,-11.4231
367770,RISE 수소경제테마,2,domestic_theme,위험자산,KRX,24129.0,1425,33.8705
0099L0,ACE 우량회사채(AA-이상)액티브,6,bond_money_market,안전자산,KRX,98369.0,1423,-0.4645
219480,KODEX 미국S&P500선물(H),4,overseas_equity,위험자산,USA,28590.0,1411,-6.3279
0167Z0,KODEX 미국우주항공,4,overseas_equity,위험자산,USA,10214.0,1410,
0162M0,KODEX 금융채1~2년(AA-이상)PLUS액티브,6,bond_money_market,안전자산,KRX,9949.0,1375,
245340,TIGER 미국다우존스30,4,overseas_equity,위험자산,USA,33646.0,1361,-4.2143
114820,TIGER 국채3년,6,bond_money_market,안전자산,KRX,104272.0,1354,-0.9099
494220,UNICORN SK하이닉스밸류체인액티브,2,domestic_theme,위험자산,KRX,33598.0,1346,61.3772
475050,ACE KPOP포커스,2,domestic_theme,위험자산,KRX,9992.0,1342,-18.3313
309230,ACE 미국WideMoat동일가중,4,overseas_equity,위험자산,USA,29582.0,1325,-5.7913
319640,TIGER 골드선물(H),4,overseas_equity,위험자산,Other_Overseas,26369.0,1292,-6.7124
0074K0,KoAct K수출핵심기업TOP30액티브,2,domestic_theme,위험자산,KRX,15813.0,1289,25.8789
0115D0,KODEX 조선TOP10,2,domestic_theme,위험자산,KRX,9296.0,1288,-3.7038
490480,SOL K방산,2,domestic_theme,위험자산,KRX,35686.0,1283,33.6054
464930,TIGER 글로벌혁신블루칩TOP10,4,overseas_equity,위험자산,Global,19161.0,1269,-4.4276
469170,ACE 포스코그룹포커스,2,domestic_theme,위험자산,KRX,6915.0,1263,13.2951
488500,TIGER 미국S&P500동일가중,4,overseas_equity,위험자산,USA,12120.0,1253,-0.5755
481430,RISE 국고채10년액티브,6,bond_money_market,안전자산,KRX,99946.0,1244,-3.0803
0127M0,ACE 미국대형가치주액티브,4,overseas_equity,위험자산,USA,10876.0,1240,1.1233
168580,ACE 중국본토CSI300,4,overseas_equity,위험자산,China,35215.0,1238,-0.607
495550,SOL 코리아밸류업TR,1,domestic_equity,위험자산,KRX,25273.0,1229,42.4111
152870,파워 200,1,domestic_equity,위험자산,KRX,84431.0,1224,38.3621
433980,KODEX TDF2040액티브,7,mixed_bond,안전자산,KRX,15079.0,1219,-2.1482
0000Y0,HK 26-12 회사채(AA-이상)액티브,6,bond_money_market,안전자산,KRX,100646.0,1218,0.6788
0066W0,SOL 국제금,5,commodity,위험자산,KRX,13937.0,1215,-3.1561
261220,KODEX WTI원유선물(H),5,commodity,위험자산,KRX,21931.0,1213,79.8062
0085N0,ACE 미국10년국채액티브(H),6,bond_money_market,안전자산,KRX,10004.0,1208,-1.0972
491820,HANARO 전력설비투자,2,domestic_theme,위험자산,KRX,39432.0,1185,39.6449
438570,SOL 국고채10년,6,bond_money_market,안전자산,KRX,99986.0,1168,-2.7898
454320,HANARO CAPEX설비투자iSelect,2,domestic_theme,위험자산,KRX,44033.0,1167,36.5435
464310,TIGER 글로벌AI&로보틱스 INDXX,4,overseas_equity,위험자산,Global,14316.0,1163,-7.2461
423170,SOL 글로벌AI반도체탑픽액티브,4,overseas_equity,위험자산,Global,40447.0,1150,28.7191
0118Z0,ACE 미국AI테크핵심산업액티브,4,overseas_equity,위험자산,USA,8408.0,1148,-7.6191
0082V0,KODEX TDF2060액티브,7,mixed_bond,안전자산,KRX,10890.0,1137,-2.4664
0151S0,KODEX 미국AI반도체TOP3플러스,4,overseas_equity,위험자산,USA,10802.0,1137,
328370,PLUS 코스피TR,1,domestic_equity,위험자산,KRX,31068.0,1137,31.5134
363580,KODEX 200IT TR,2,domestic_theme,위험자산,KRX,33225.0,1131,51.6535
228810,TIGER 미디어컨텐츠,2,domestic_theme,위험자산,KRX,4940.0,1129,-18.8443
0069M0,1Q 미국나스닥100,4,overseas_equity,위험자산,USA,11982.0,1124,-4.6692
498180,파워 종합채권(AA-이상)액티브,6,bond_money_market,안전자산,KRX,95180.0,1116,-2.0944
399110,SOL 미국S&P500ESG,4,overseas_equity,위험자산,USA,19298.0,1116,-3.3506
308620,KODEX 미국10년국채선물,6,bond_money_market,안전자산,KRX,12572.0,1107,0.9076
0131W0,1Q 단기특수은행채액티브,6,bond_money_market,안전자산,KRX,100901.0,1094,0.6534
492500,1Q 현대차그룹채권(A+이상)&국고통안,7,mixed_bond,안전자산,KRX,50870.0,1087,-0.2957
468380,KODEX iShares미국하이일드액티브,6,bond_money_market,안전자산,KRX,11852.0,1084,0.8907
495710,BNK 26-06 특수채(AAA이상)액티브,6,bond_money_market,안전자산,KRX,51458.0,1084,0.6842
157490,TIGER 소프트웨어,2,domestic_theme,위험자산,KRX,8810.0,1080,-6.9693
377990,TIGER Fn신재생에너지,2,domestic_theme,위험자산,KRX,25878.0,1075,46.5252
0135Y0,ITF 중기종합채권(AA-이상)액티브,6,bond_money_market,안전자산,KRX,99636.0,1072,-0.6839
411420,KODEX 미국나스닥AI테크액티브,4,overseas_equity,위험자산,USA,22836.0,1070,10.4486
0151P0,RISE 코리아전략산업액티브,2,domestic_theme,위험자산,KRX,13678.0,1066,
394660,TIGER 글로벌자율주행&전기차SOLACTIVE,4,overseas_equity,위험자산,Global,15054.0,1063,-1.3564
359210,KODEX 코스피TR,1,domestic_equity,위험자산,KRX,28688.0,1057,32.3047
496090,KIWOOM 코리아밸류업,1,domestic_equity,위험자산,KRX,24764.0,1053,42.1382
304940,KODEX 미국나스닥100선물(H),4,overseas_equity,위험자산,USA,26882.0,1046,-7.4863
494840,TIGER 미국방산TOP10,4,overseas_equity,위험자산,USA,14837.0,1046,14.4425
479730,TIGER 인도빌리언컨슈머,4,overseas_equity,위험자산,India,9674.0,1038,-15.498
0091M0,HANARO 27-06 회사채(AA-이상)액티브,6,bond_money_market,안전자산,KRX,10045.0,1037,0.2493
364960,TIGER BBIG,2,domestic_theme,위험자산,KRX,7053.0,1027,-2.3139
495330,1Q 코리아밸류업,1,domestic_equity,위험자산,KRX,24713.0,1014,42.2556
473640,HANARO 글로벌금채굴기업,4,overseas_equity,위험자산,Global,32038.0,1000,-13.1167
0036R0,RISE 미국휴머노이드로봇,4,overseas_equity,위험자산,USA,16254.0,989,-2.5478
0115E0,KODEX 코리아소버린AI,2,domestic_theme,위험자산,KRX,13241.0,987,24.8692
448100,WON 200,1,domestic_equity,위험자산,KRX,85651.0,987,39.0433
447620,SOL 미국TOP5채권혼합50,7,mixed_bond,안전자산,KRX,14733.0,978,-3.7979
143850,TIGER 미국S&P500선물(H),4,overseas_equity,위험자산,USA,67213.0,973,-6.7453
457990,PLUS 태양광&ESS,2,domestic_theme,위험자산,KRX,34029.0,973,57.4699
329660,KODEX TRF5050,7,mixed_bond,안전자산,KRX,17505.0,972,-1.9227
0098N0,PLUS 자사주매입고배당주,2,domestic_theme,위험자산,KRX,12592.0,972,15.4408
203780,TIGER 미국나스닥바이오,4,overseas_equity,위험자산,USA,30527.0,971,-3.1963
211900,KODEX 코리아배당성장,2,domestic_theme,위험자산,KRX,28266.0,963,26.8097
0111J0,HANARO 증권고배당TOP3플러스,2,domestic_theme,위험자산,KRX,16659.0,944,65.3554
441540,HANARO Fn조선해운,2,domestic_theme,위험자산,KRX,30211.0,938,-3.8851
401170,RISE 메타버스,2,domestic_theme,위험자산,KRX,7609.0,929,-1.1229
0086B0,TIGER 리츠부동산인프라TOP10액티브,2,domestic_theme,위험자산,KRX,10893.0,925,6.6963
266420,KODEX 헬스케어,2,domestic_theme,위험자산,KRX,22575.0,925,2.671
138520,TIGER 삼성그룹,2,domestic_theme,위험자산,KRX,24983.0,922,32.0217
0035T0,PLUS 글로벌휴머노이드로봇액티브,7,mixed_bond,안전자산,KRX,19154.0,919,0.2526
130730,KIWOOM 단기자금,6,bond_money_market,안전자산,KRX,101840.0,919,0.612
0168K0,TIGER 기술이전바이오액티브,2,domestic_theme,위험자산,KRX,10318.0,912,
0052T0,1Q 중단기회사채(A-이상)액티브,6,bond_money_market,안전자산,KRX,49984.0,910,0.15
0102A0,TIGER 미국AI소프트웨어TOP4Plus,4,overseas_equity,위험자산,USA,8279.0,905,-29.317
211560,TIGER 배당성장,2,domestic_theme,위험자산,KRX,35377.0,902,27.1867
0017Y0,1Q 종합채권(AA-이상)액티브,6,bond_money_market,안전자산,KRX,96008.0,898,-2.2039
122090,PLUS 코스피50,1,domestic_equity,위험자산,KRX,60469.0,891,41.6349
337160,KODEX 200ESG,2,domestic_theme,위험자산,KRX,34215.0,891,40.6733
261070,TIGER 코스닥150바이오테크,2,domestic_theme,위험자산,KRX,20405.0,890,15.8775
0085P0,ACE 미국10년국채액티브,6,bond_money_market,안전자산,KRX,10848.0,889,1.2717
0113D0,TIME 글로벌탑픽액티브,4,overseas_equity,위험자산,Global,11242.0,886,10.9042
473440,ACE 11월만기자동연장회사채AA-이상액티브,6,bond_money_market,안전자산,KRX,10709.0,878,0.6585
332940,HANARO MSCI Korea TR,1,domestic_equity,위험자산,KRX,36357.0,875,40.1037
195980,PLUS 신흥국MSCI(합성 H),4,overseas_equity,위험자산,USA,12919.0,872,4.3029
476750,ACE 미국30년국채엔화노출액티브(H),6,bond_money_market,안전자산,KRX,8573.0,864,-2.2657
460960,ACE 글로벌인컴TOP10,7,mixed_bond,안전자산,KRX,11699.0,857,-1.1999
453330,RISE 미국S&P500(H),4,overseas_equity,위험자산,USA,15616.0,856,-6.1721
475300,SOL 반도체전공정,2,domestic_theme,위험자산,KRX,18881.0,855,60.669
210780,TIGER 코스피고배당,2,domestic_theme,위험자산,KRX,24760.0,854,17.9654
412770,TIGER 글로벌AI플랫폼액티브,4,overseas_equity,위험자산,Global,11846.0,852,-14.0228
326240,RISE IT플러스,2,domestic_theme,위험자산,KRX,33522.0,845,36.3312
108450,ACE 삼성그룹섹터가중,2,domestic_theme,위험자산,KRX,30163.0,841,30.4826
269540,PLUS 미국S&P500(H),4,overseas_equity,위험자산,USA,26255.0,837,-6.2012
0132H0,KODEX 미국원자력SMR,4,overseas_equity,위험자산,USA,10425.0,836,-3.9412
461500,HANARO 종합채권(AA-이상)액티브,6,bond_money_market,안전자산,KRX,106876.0,830,-2.0896
440910,WON 미국우주항공방산,4,overseas_equity,위험자산,USA,26617.0,828,4.2958
329670,KODEX TRF7030,7,mixed_bond,안전자산,KRX,21180.0,821,-1.6769
228800,TIGER 여행레저,2,domestic_theme,위험자산,KRX,3250.0,817,-7.3207
261240,KODEX 미국달러선물,7,mixed_bond,안전자산,KRX,15250.0,804,3.09
433970,KODEX TDF2030액티브,7,mixed_bond,안전자산,KRX,13464.0,798,-2.2922
494330,ACE 라이프자산주주가치액티브,2,domestic_theme,위험자산,KRX,21777.0,797,40.0082
476030,SOL 미국나스닥100,4,overseas_equity,위험자산,USA,15156.0,787,-4.6419
476850,KoAct 배당성장액티브,1,domestic_equity,위험자산,KRX,18228.0,786,34.0752
475310,SOL 반도체후공정,2,domestic_theme,위험자산,KRX,30296.0,786,71.1307
461460,PLUS 국고채10년액티브,6,bond_money_market,안전자산,KRX,52336.0,775,-2.9779
0026E0,KODEX 미국S&P500버퍼3월액티브,4,overseas_equity,위험자산,USA,11450.0,767,2.4987
0007N0,아이엠에셋 200,1,domestic_equity,위험자산,KRX,84459.0,763,37.8736
117700,KODEX 건설,2,domestic_theme,위험자산,KRX,6927.0,758,76.5853
0000Z0,RISE 바이오TOP10액티브,2,domestic_theme,위험자산,KRX,17388.0,753,18.3108
401470,KODEX 메타버스액티브,2,domestic_theme,위험자산,KRX,8493.0,747,4.5311
475280,ACE 8월만기자동연장회사채AA-이상액티브,6,bond_money_market,안전자산,KRX,10591.0,740,0.7608
465330,RISE 2차전지TOP10,2,domestic_theme,위험자산,KRX,12390.0,729,12.7246
139220,TIGER 200 건설,2,domestic_theme,위험자산,KRX,7603.0,722,69.0322
491700,HK 200,1,domestic_equity,위험자산,KRX,84119.0,716,38.5905
0154F0,WON 초대형IB&금융지주,2,domestic_theme,위험자산,KRX,13152.0,712,
419890,KIWOOM 단기채권ESG액티브,6,bond_money_market,안전자산,KRX,106394.0,702,0.1675
475350,RISE 버크셔포트폴리오TOP10,4,overseas_equity,위험자산,Other_Overseas,14059.0,699,-4.0738
485690,RISE 미국AI밸류체인TOP3Plus,4,overseas_equity,위험자산,USA,17400.0,692,-2.9229
0021E0,ACE TDF2050액티브,7,mixed_bond,안전자산,KRX,12019.0,690,-1.7553
440640,ACE 단기채권알파액티브,6,bond_money_market,안전자산,KRX,111120.0,685,0.7161
272910,ACE 중장기국공채액티브,6,bond_money_market,안전자산,KRX,105611.0,685,-1.1341
486240,DAISHIN343 AI반도체&인프라액티브,2,domestic_theme,위험자산,KRX,22212.0,684,52.4982
252650,KODEX 200동일가중,1,domestic_equity,위험자산,KRX,18453.0,680,15.7363
445150,KODEX 친환경조선해운액티브,2,domestic_theme,위험자산,KRX,33619.0,673,4.3879
488720,WON 종합채권(AA-이상)액티브,7,mixed_bond,안전자산,KRX,49476.0,666,-1.5756
0008T0,SOL 화장품TOP3플러스,2,domestic_theme,위험자산,KRX,14136.0,665,11.8543
150460,TIGER 중국소비테마,2,domestic_theme,위험자산,KRX,7475.0,663,-0.8158
0142D0,TIGER 미국AI데이터센터TOP4Plus,4,overseas_equity,위험자산,USA,9307.0,658,-1.8727
444490,WON 미국S&P500,4,overseas_equity,위험자산,USA,18649.0,652,-3.5484
292190,KODEX KRX300,1,domestic_equity,위험자산,KRX,38200.0,650,36.7926
453080,KIWOOM 미국나스닥100(H),4,overseas_equity,위험자산,USA,19047.0,646,-7.1741
463680,KODEX 미국S&P500테크놀로지,4,overseas_equity,위험자산,USA,17700.0,645,-5.7852
496770,PLUS 글로벌방산,4,overseas_equity,위험자산,USA,20198.0,644,14.2935
471780,TIGER 코리아테크액티브,2,domestic_theme,위험자산,KRX,24977.0,638,40.3488
0139P0,ACE 고배당주,2,domestic_theme,위험자산,KRX,13517.0,629,21.215
0123S0,HANARO 26-12 은행채(AA+이상)액티브,2,domestic_theme,위험자산,KRX,10073.0,619,0.5994
447430,ACE 주주환원가치주액티브,2,domestic_theme,위험자산,KRX,17336.0,618,10.2142
0005G0,ITF K-AI반도체코어테크,2,domestic_theme,위험자산,KRX,30100.0,617,48.2662
458030,WON 국공채머니마켓액티브,6,bond_money_market,안전자산,KRX,54351.0,616,0.6479
114470,KIWOOM 국고채3년,6,bond_money_market,안전자산,KRX,107952.0,615,-0.8793
495040,PLUS 코리아밸류업,1,domestic_equity,위험자산,KRX,24640.0,614,41.6697
0041D0,KODEX 미국AI소프트웨어TOP10,4,overseas_equity,위험자산,USA,12564.0,612,-23.9948
453640,KODEX 미국S&P500헬스케어,4,overseas_equity,위험자산,USA,13132.0,608,-5.4317
298770,KODEX 한국대만IT프리미어,4,overseas_equity,위험자산,Other_Overseas,54984.0,604,35.1274
337140,KODEX 코스피대형주,2,domestic_theme,위험자산,KRX,28702.0,603,35.2269
455960,RISE 미국달러SOFR금리액티브(합성),6,bond_money_market,안전자산,KRX,12896.0,601,2.4852
298340,PLUS 국채선물3년,6,bond_money_market,안전자산,KRX,55877.0,601,-0.9337
395290,HANARO Fn K-POP&미디어,2,domestic_theme,위험자산,KRX,7503.0,600,-16.6194
275980,TIGER 글로벌4차산업혁신기술(합성 H),4,overseas_equity,위험자산,Global,20314.0,599,-2.1681
395170,KODEX Top10동일가중,2,domestic_theme,위험자산,KRX,14750.0,591,30.2124
0057H0,PLUS 미국S&P500미국채혼합50액티브,7,mixed_bond,안전자산,KRX,11617.0,591,-0.7107
434960,DAISHIN343 K200,1,domestic_equity,위험자산,KRX,84133.0,590,38.4427
0080X0,SOL 미국S&P500미국채혼합50,7,mixed_bond,안전자산,KRX,11152.0,589,-0.8786
278620,PLUS 단기채권액티브,6,bond_money_market,안전자산,KRX,117640.0,588,0.3626
0068M0,KODEX 미국S&P500버퍼6월액티브,4,overseas_equity,위험자산,USA,11793.0,586,-1.4831
473590,ACE 미국주식베스트셀러,4,overseas_equity,위험자산,USA,19583.0,586,-7.9639
101280,KODEX 일본TOPIX100,4,overseas_equity,위험자산,Japan,28204.0,583,0.6486
371470,TIGER 차이나바이오테크SOLACTIVE,4,overseas_equity,위험자산,China,8304.0,576,-10.1958
415920,PLUS 글로벌희토류&전략자원생산기업,5,commodity,위험자산,KRX,8567.0,566,6.4304
365040,TIGER AI코리아그로스액티브,1,domestic_equity,위험자산,KRX,28113.0,564,31.8094
0041E0,KODEX 미국S&P500액티브,4,overseas_equity,위험자산,USA,14111.0,563,-2.0585
352540,KODEX 일본부동산리츠(H),7,mixed_bond,안전자산,KRX,12220.0,553,-2.5842
474800,KIWOOM 미국원유에너지기업,4,overseas_equity,위험자산,USA,16402.0,551,40.1569
400970,TIGER Fn메타버스,2,domestic_theme,위험자산,KRX,7512.0,549,-4.3282
0104H0,KoAct 미국나스닥채권혼합50액티브,7,mixed_bond,안전자산,KRX,11277.0,549,6.4792
0007G0,PLUS 글로벌원자력밸류체인,4,overseas_equity,위험자산,USA,15974.0,546,5.8795
365000,TIGER 인터넷TOP10,2,domestic_theme,위험자산,KRX,4869.0,545,5.0605
455660,ACE 미국하이일드액티브(H),6,bond_money_market,안전자산,KRX,9560.0,545,-1.7185
498860,RISE 코리아금융고배당,2,domestic_theme,위험자산,KRX,19066.0,543,25.8308
487750,BNK 온디바이스AI,2,domestic_theme,위험자산,KRX,22228.0,543,57.8409
266370,KODEX IT,2,domestic_theme,위험자산,KRX,44986.0,541,51.1076
139320,TIGER 금은선물(H),5,commodity,위험자산,KRX,18848.0,536,-6.9234
495750,HANARO 코리아밸류업,1,domestic_equity,위험자산,KRX,24740.0,533,42.2182
0067V0,TIGER 차이나글로벌리더스TOP3+,4,overseas_equity,위험자산,China,11138.0,530,-4.0319
316670,KIWOOM 코스닥150,1,domestic_equity,위험자산,KRX,9747.0,527,23.6945
449770,KIWOOM 미국S&P500,4,overseas_equity,위험자산,USA,19573.0,527,-3.6918
139280,TIGER 경기방어,2,domestic_theme,위험자산,KRX,13052.0,526,1.8959
426150,WON 대한민국국고채액티브,6,bond_money_market,안전자산,KRX,53512.0,525,-3.6739
0113P0,HK 머니마켓액티브,6,bond_money_market,안전자산,KRX,101107.0,524,0.7223
218420,KODEX 미국S&P500에너지(합성),4,overseas_equity,위험자산,USA,20740.0,522,37.4303
140700,KODEX 보험,2,domestic_theme,위험자산,KRX,15782.0,521,18.4353
0046Y0,ACE 미국배당퀄리티,4,overseas_equity,위험자산,USA,12128.0,509,-1.0648
486830,HANARO 머니마켓액티브,6,bond_money_market,안전자산,KRX,52558.0,505,0.7282
277640,TIGER 코스피대형주,2,domestic_theme,위험자산,KRX,29640.0,505,35.9934
475260,ACE 2월만기자동연장회사채AA-이상액티브,6,bond_money_market,안전자산,KRX,10622.0,500,0.7586
0098Z0,FOCUS 200,1,domestic_equity,위험자산,KRX,71396.0,500,37.9866
450910,SOL 코스닥150,1,domestic_equity,위험자산,KRX,19128.0,499,23.9188
438560,SOL 국고채3년,6,bond_money_market,안전자산,KRX,99578.0,498,-0.9114
0118S0,SOL 미국넥스트테크TOP10액티브,4,overseas_equity,위험자산,USA,10208.0,486,6.23
104530,KIWOOM 고배당,2,domestic_theme,위험자산,KRX,19467.0,486,23.386
0152E0,SOL 배당성향탑픽액티브,2,domestic_theme,위험자산,KRX,11809.0,485,
292560,TIGER 일본엔선물,7,mixed_bond,안전자산,KRX,8729.0,480,-0.3457
200030,KODEX 미국S&P500산업재(합성),4,overseas_equity,위험자산,USA,42128.0,478,4.2748
256750,KODEX 차이나심천ChiNext(합성),4,overseas_equity,위험자산,China,15633.0,477,5.3684
464470,PLUS 미국채30년액티브,6,bond_money_market,안전자산,KRX,54384.0,472,0.2364
375770,KODEX 탄소효율그린뉴딜,2,domestic_theme,위험자산,KRX,19793.0,472,37.9101
448570,FOCUS AI코리아액티브,1,domestic_equity,위험자산,KRX,25341.0,468,27.4164
322400,HANARO e커머스,2,domestic_theme,위험자산,KRX,11634.0,461,-5.3609
138910,KODEX 구리선물(H),5,commodity,위험자산,KRX,8472.0,457,-6.0035
407830,에셋플러스 글로벌플랫폼액티브,4,overseas_equity,위험자산,Global,14787.0,456,-16.5947
174360,RISE 중국본토대형주CSI100,4,overseas_equity,위험자산,China,23956.0,452,0.0159
322410,HANARO K고배당,2,domestic_theme,위험자산,KRX,22331.0,447,16.8601
440650,ACE 미국달러단기채권액티브,6,bond_money_market,안전자산,KRX,12364.0,446,2.7919
475270,ACE 5월만기자동연장회사채AA-이상액티브,6,bond_money_market,안전자산,KRX,10601.0,443,0.7604
266360,KODEX K콘텐츠,2,domestic_theme,위험자산,KRX,11823.0,438,-10.9568
479850,HANARO K-뷰티,2,domestic_theme,위험자산,KRX,15424.0,437,6.6666
122260,KIWOOM 통안채1년,6,bond_money_market,안전자산,KRX,102981.0,433,0.3739
433880,PLUS TDF2060액티브,7,mixed_bond,안전자산,KRX,17411.0,432,-2.3768
476690,TIGER 글로벌비만치료제TOP2Plus,4,overseas_equity,위험자산,Global,9762.0,431,-9.7142
139270,TIGER 200 금융,2,domestic_theme,위험자산,KRX,15665.0,429,20.8035
453650,KODEX 미국S&P500금융,4,overseas_equity,위험자산,USA,18077.0,424,-10.238
469060,RISE 미국반도체NYSE,4,overseas_equity,위험자산,USA,24172.0,421,10.4715
476070,KODEX 글로벌비만치료제TOP2 Plus,4,overseas_equity,위험자산,Global,10224.0,419,-13.9033
0150K0,KoAct 수소전력ESS인프라액티브,2,domestic_theme,위험자산,KRX,12888.0,418,
410870,TIME K컬처액티브,2,domestic_theme,위험자산,KRX,11339.0,418,-4.047
276990,KODEX 글로벌로봇(합성),4,overseas_equity,위험자산,Global,23846.0,417,0.0417
336160,RISE 금융채액티브,6,bond_money_market,안전자산,KRX,100860.0,416,-0.8134
428510,KODEX 차이나AI테크액티브,4,overseas_equity,위험자산,China,19944.0,416,15.6803
099140,KODEX 차이나H,4,overseas_equity,위험자산,China,23112.0,415,-5.8934
437070,KODEX 아시아달러채권ESG플러스액티브,6,bond_money_market,안전자산,KRX,65015.0,411,1.6606
0083S0,1Q 미국메디컬AI,4,overseas_equity,위험자산,USA,9781.0,410,-20.272
261060,TIGER 코스닥150IT,2,domestic_theme,위험자산,KRX,25777.0,410,53.7263
152380,KODEX 국채선물10년,6,bond_money_market,안전자산,KRX,66157.0,409,-2.6034
453950,TIGER TSMC파운드리밸류체인,4,overseas_equity,위험자산,Other_Overseas,27400.0,409,18.0921
489290,WON 미국빌리어네어,4,overseas_equity,위험자산,USA,14678.0,403,-9.1901
491220,PLUS 200TR,1,domestic_equity,위험자산,KRX,98509.0,395,38.793
0020H0,KoAct 글로벌양자컴퓨팅액티브,4,overseas_equity,위험자산,Global,17935.0,391,-16.2865
385590,ACE ESG액티브,2,domestic_theme,위험자산,KRX,17736.0,390,32.9202
419430,KODEX 차이나2차전지MSCI(합성),4,overseas_equity,위험자산,China,11917.0,389,7.6146
475070,KoAct 글로벌친환경전력인프라액티브,4,overseas_equity,위험자산,Global,31231.0,389,19.7094
261140,TIGER 우선주,2,domestic_theme,위험자산,KRX,23348.0,389,25.8943
480310,TIGER 글로벌온디바이스AI,4,overseas_equity,위험자산,Global,13334.0,386,-1.3077
461600,SOL 미국30년국채액티브(H),6,bond_money_market,안전자산,KRX,8629.0,385,-2.6812
495940,RISE 미국AI테크액티브,4,overseas_equity,위험자산,USA,15658.0,385,12.4303
245360,TIGER 차이나HSCEI,4,overseas_equity,위험자산,China,13268.0,384,-5.826
429760,PLUS 미국S&P500,4,overseas_equity,위험자산,USA,18145.0,380,-3.6925
461340,HANARO 글로벌생성형AI액티브,4,overseas_equity,위험자산,Global,31572.0,375,11.2672
0040S0,HANARO 글로벌피지컬AI액티브,4,overseas_equity,위험자산,Global,18808.0,365,11.4145
140950,파워 코스피100,1,domestic_equity,위험자산,KRX,64870.0,363,40.3075
461580,TIGER 코스닥글로벌,1,domestic_equity,위험자산,KRX,18629.0,362,18.1517
468630,KODEX iShares미국투자등급회사채액티브,6,bond_money_market,안전자산,KRX,12007.0,361,0.2789
442260,마이티 다이나믹퀀트액티브,1,domestic_equity,위험자산,KRX,29269.0,353,39.2935
275300,KODEX 우량주,2,domestic_theme,위험자산,KRX,22116.0,352,40.7868
0047R0,RISE 팔란티어고정테크100,4,overseas_equity,위험자산,Other_Overseas,13528.0,349,-10.3518
305050,ACE 코스피,1,domestic_equity,위험자산,KRX,58169.0,349,32.1411
487130,KoAct AI인프라액티브,2,domestic_theme,위험자산,KRX,22883.0,344,48.5411
414270,ACE 글로벌자율주행액티브,4,overseas_equity,위험자산,Global,12472.0,344,-8.1394
195930,TIGER 유로스탁스50(합성 H),4,overseas_equity,위험자산,Other_Overseas,20278.0,343,-4.6309
219390,RISE 미국S&P원유생산기업(합성 H),4,overseas_equity,위험자산,USA,7835.0,343,44.7627
364990,TIGER 게임TOP10,2,domestic_theme,위험자산,KRX,5226.0,339,2.3928
449780,KIWOOM 미국S&P500(H),4,overseas_equity,위험자산,USA,16216.0,339,-5.8988
0155M0,ACE 미국SMR원자력TOP10,4,overseas_equity,위험자산,USA,8526.0,339,
238720,ACE 일본Nikkei225(H),4,overseas_equity,위험자산,Japan,37461.0,337,2.3504
388280,RISE K엔터&여행레저,2,domestic_theme,위험자산,KRX,7781.0,335,-1.9911
241390,RISE V&S셀렉트밸류채권혼합,7,mixed_bond,안전자산,KRX,15261.0,334,11.5878
0141S0,SOL 조선기자재,2,domestic_theme,위험자산,KRX,11085.0,333,3.1161
479620,SOL 미국AI반도체칩메이커,4,overseas_equity,위험자산,USA,15695.0,328,2.3011
461450,KODEX 코스닥글로벌,1,domestic_equity,위험자산,KRX,18298.0,328,17.5757
300950,KODEX 게임산업,2,domestic_theme,위험자산,KRX,6048.0,328,-1.977
117460,KODEX 에너지화학,2,domestic_theme,위험자산,KRX,15092.0,326,11.238
418670,TIGER 글로벌AI사이버보안,4,overseas_equity,위험자산,Global,11888.0,324,-17.7898
352560,KODEX 미국부동산리츠(H),7,mixed_bond,안전자산,KRX,11512.0,322,-0.5046
368190,HANARO Fn K-뉴딜디지털플러스,2,domestic_theme,위험자산,KRX,8280.0,321,-5.6785
256440,ACE MSCI인도네시아(합성),4,overseas_equity,위험자산,India,7240.0,320,-19.1716
0144M0,KODEX 미국드론UAM TOP10,4,overseas_equity,위험자산,USA,8660.0,319,-18.0816
493420,SOL 미국배당다우존스2호,4,overseas_equity,위험자산,USA,12222.0,318,11.9609
287180,PLUS 미국나스닥테크,4,overseas_equity,위험자산,USA,42359.0,318,-4.9083
0137V0,KIWOOM 미국S&P500모멘텀,4,overseas_equity,위험자산,USA,9628.0,318,-4.231
360140,KODEX 200롱코스닥150숏선물,2,domestic_theme,위험자산,KRX,13142.0,317,6.3029
0141T0,SOL 중기종합채권(AA-이상)액티브,6,bond_money_market,안전자산,KRX,49754.0,317,-0.7882
0093D0,KoAct 팔란티어밸류체인액티브,7,mixed_bond,안전자산,KRX,14744.0,316,10.0229
227540,TIGER 200 헬스케어,2,domestic_theme,위험자산,KRX,21244.0,315,-9.3922
100910,KIWOOM KRX100,1,domestic_equity,위험자산,KRX,13110.0,315,39.0202
156080,KODEX MSCI Korea,1,domestic_equity,위험자산,KRX,39223.0,314,40.6717
0065G0,KODEX 차이나테크TOP10,4,overseas_equity,위험자산,China,9816.0,313,-13.2472
0166N0,PLUS 코스닥150액티브,1,domestic_equity,위험자산,KRX,10148.0,313,
280930,KODEX 미국러셀2000(H),4,overseas_equity,위험자산,USA,14292.0,312,-6.1851
475380,RISE 글로벌리얼티인컴,7,mixed_bond,안전자산,KRX,11064.0,311,7.3139
304770,HANARO 코스닥150,1,domestic_equity,위험자산,KRX,19480.0,310,24.0601
147970,TIGER 모멘텀,2,domestic_theme,위험자산,KRX,67071.0,309,27.8097
385520,KODEX 자율주행액티브,2,domestic_theme,위험자산,KRX,14406.0,308,24.7436
105780,RISE 5대그룹주,2,domestic_theme,위험자산,KRX,12713.0,306,30.9409
363510,SOL KIS단기통안채,6,bond_money_market,안전자산,KRX,110952.0,305,0.5391
0084E0,KIWOOM 미국대형주500월간목표헤지액티브,7,mixed_bond,안전자산,KRX,10124.0,304,-1.5264
139250,TIGER 200 에너지화학,2,domestic_theme,위험자산,KRX,16551.0,302,14.6974
473490,KIWOOM 글로벌AI반도체,4,overseas_equity,위험자산,Global,22286.0,300,0.9812
248270,TIGER S&P글로벌헬스케어(합성),4,overseas_equity,위험자산,USA,25049.0,299,-5.9725
192720,파워 고배당저변동성,2,domestic_theme,위험자산,KRX,55651.0,298,13.4207
491090,KODEX 미국테크TOP3플러스,4,overseas_equity,위험자산,USA,15618.0,296,-7.1293
0097L0,KIWOOM 한국고배당&미국AI테크,7,mixed_bond,안전자산,KRX,12301.0,296,11.3695
459750,RISE 글로벌주식분산액티브,4,overseas_equity,위험자산,Global,16853.0,294,-1.442
476260,HANARO 반도체핵심공정주도주,2,domestic_theme,위험자산,KRX,13037.0,293,51.3761
245350,TIGER 유로스탁스배당30,4,overseas_equity,위험자산,Other_Overseas,18150.0,291,-3.6577
459560,KODEX 테슬라밸류체인FactSet,4,overseas_equity,위험자산,Other_Overseas,18719.0,289,-7.1
271060,KODEX 3대농산물선물(H),5,commodity,위험자산,KRX,8320.0,288,7.6874
0023B0,PLUS 미국양자컴퓨팅TOP10,4,overseas_equity,위험자산,USA,13885.0,288,-29.1096
437350,RISE 미국단기투자등급회사채액티브,6,bond_money_market,안전자산,KRX,13061.0,288,1.9131
360150,KODEX 코스닥150롱코스피200숏선물,2,domestic_theme,위험자산,KRX,6118.0,287,-10.8382
0162L0,KODEX 차이나AI반도체TOP10,4,overseas_equity,위험자산,China,9591.0,287,
138230,KIWOOM 미국달러선물,7,mixed_bond,안전자산,KRX,17277.0,278,2.9962
494410,PLUS 미국S&P500성장주,4,overseas_equity,위험자산,USA,12780.0,277,-6.2237
477730,KODEX 인도타타그룹,4,overseas_equity,위험자산,India,7802.0,277,-13.2524
471460,KIWOOM 국고채30년액티브,6,bond_money_market,안전자산,KRX,52896.0,275,-7.6577
497780,KoAct 미국천연가스인프라액티브,4,overseas_equity,위험자산,USA,12132.0,274,28.4868
483420,ACE 애플밸류체인액티브,4,overseas_equity,위험자산,Other_Overseas,17086.0,274,12.9515
442560,RISE TDF2040액티브,7,mixed_bond,안전자산,KRX,15140.0,273,-0.4185
0107F0,KIWOOM 미국고배당&AI테크,4,overseas_equity,위험자산,USA,10951.0,273,2.8954
276650,RISE 글로벌테크놀로지(합성 H),4,overseas_equity,위험자산,Global,36347.0,271,-6.3124
130680,TIGER 원유선물Enhanced(H),5,commodity,위험자산,KRX,6143.0,271,76.7901
481340,RISE 미국30년국채액티브,6,bond_money_market,안전자산,KRX,9914.0,271,-0.4277
472840,ITF 200,1,domestic_equity,위험자산,KRX,83033.0,270,38.2049
449690,TIGER 한중반도체(합성),4,overseas_equity,위험자산,Other_Overseas,36039.0,269,30.7105
153270,KIWOOM 코스피100,1,domestic_equity,위험자산,KRX,63595.0,267,39.7096
300640,RISE 게임테마,2,domestic_theme,위험자산,KRX,7462.0,264,-2.2
269420,KODEX S&P글로벌인프라(합성),4,overseas_equity,위험자산,USA,23917.0,263,8.6715
275280,KODEX 모멘텀주,2,domestic_theme,위험자산,KRX,32418.0,260,34.5782
223190,KODEX 200가치저변동,2,domestic_theme,위험자산,KRX,23597.0,260,30.5438
387270,TIGER 글로벌이노베이션액티브,4,overseas_equity,위험자산,Global,21732.0,259,2.0841
0155N0,HANARO K휴머노이드테마TOP10,2,domestic_theme,위험자산,KRX,8773.0,258,
117680,KODEX 철강,2,domestic_theme,위험자산,KRX,14696.0,257,12.1426
0153X0,PLUS 미국고배당주액티브,4,overseas_equity,위험자산,USA,11166.0,257,
284980,RISE 200금융,2,domestic_theme,위험자산,KRX,20873.0,255,21.942
411540,SOL 200 Top10,1,domestic_equity,위험자산,KRX,15906.0,255,30.3961
0088N0,WON K-글로벌수급상위,2,domestic_theme,위험자산,KRX,13056.0,255,16.1261
0103T0,1Q K소버린AI,2,domestic_theme,위험자산,KRX,9207.0,254,-8.0633
183700,RISE 채권혼합,7,mixed_bond,안전자산,KRX,84422.0,253,15.2812
459790,KIWOOM 미국성장기업30액티브,4,overseas_equity,위험자산,USA,18743.0,252,-2.9966
0036D0,TIME 미국배당다우존스액티브,4,overseas_equity,위험자산,USA,10910.0,251,3.4137
0112X0,마이티 200TR,1,domestic_equity,위험자산,KRX,31177.0,249,37.8514
0137W0,KIWOOM 미국S&P500&GOLD,4,overseas_equity,위험자산,USA,9770.0,249,-3.7048
491830,TIGER 미국AI반도체팹리스,4,overseas_equity,위험자산,USA,14496.0,246,-5.328
483240,TIGER 미국나스닥100ETF선물,4,overseas_equity,위험자산,USA,12187.0,243,-4.5141
272570,RISE 중장기국공채액티브,6,bond_money_market,안전자산,KRX,107625.0,242,-1.6609
415760,SOL 차이나육성산업액티브(합성),4,overseas_equity,위험자산,China,10965.0,242,-1.7475
226980,KODEX 200 중소형,1,domestic_equity,위험자산,KRX,23918.0,239,16.5803
138530,TIGER LG그룹플러스,2,domestic_theme,위험자산,KRX,9536.0,236,5.4895
252000,TIGER 200동일가중,1,domestic_equity,위험자산,KRX,19444.0,233,16.4634
415340,KODEX 차이나과창판STAR50(합성),4,overseas_equity,위험자산,China,11739.0,233,-1.7366
195970,PLUS 선진국MSCI(합성 H),4,overseas_equity,위험자산,USA,14592.0,232,-4.1236
253290,RISE 헬스케어채권혼합,7,mixed_bond,안전자산,KRX,13026.0,232,-0.1566
483570,KCGI 미국S&P500 TOP10,4,overseas_equity,위험자산,USA,14439.0,231,-9.0045
407310,HANARO 200 TOP10,1,domestic_equity,위험자산,KRX,15647.0,227,30.2367
275290,KODEX 가치주,2,domestic_theme,위험자산,KRX,25014.0,224,39.0369
145850,TREX 펀더멘탈 200,2,domestic_theme,위험자산,KRX,89050.0,223,38.9997
442090,에셋플러스 코리아대장장이액티브,2,domestic_theme,위험자산,KRX,24619.0,222,24.876
489000,PLUS 일본엔화초단기국채(합성),6,bond_money_market,안전자산,KRX,9964.0,219,-0.1633
445690,BNK 주주가치액티브,2,domestic_theme,위험자산,KRX,27404.0,219,20.7394
396510,TIGER 차이나클린에너지SOLACTIVE,4,overseas_equity,위험자산,China,9545.0,216,18.4642
450190,KODEX 한중반도체(합성),4,overseas_equity,위험자산,Other_Overseas,36406.0,216,31.6022
277540,ACE 아시아TOP50,4,overseas_equity,위험자산,Other_Overseas,26861.0,215,12.5839
463300,RISE 중국본토CSI300,4,overseas_equity,위험자산,China,13597.0,215,-1.1358
446690,KODEX 아시아AI반도체exChina액티브,4,overseas_equity,위험자산,China,42908.0,212,49.0241
457690,KODEX 33-06 국고채액티브,6,bond_money_market,안전자산,KRX,10548.0,212,-2.2305
0049K0,ACE 미국배당퀄리티채권혼합50,7,mixed_bond,안전자산,KRX,10969.0,209,-0.9511
169950,KODEX 차이나A50,4,overseas_equity,위험자산,China,26264.0,208,-0.3559
0089B0,PLUS 미국나스닥100미국채혼합50,7,mixed_bond,안전자산,KRX,10912.0,207,-1.2505
332620,PLUS 미국장기우량회사채,6,bond_money_market,안전자산,KRX,98219.0,204,-0.7036
185680,KODEX 미국S&P바이오(합성),4,overseas_equity,위험자산,USA,38995.0,203,-3.3292
445910,TIGER MKF배당귀족,2,domestic_theme,위험자산,KRX,20225.0,202,16.0143
091220,TIGER 은행,2,domestic_theme,위험자산,KRX,15286.0,202,15.7493
371450,TIGER 글로벌클라우드컴퓨팅INDXX,4,overseas_equity,위험자산,Global,10856.0,201,-13.6281
465660,TIGER 일본반도체FACTSET,4,overseas_equity,위험자산,Japan,20160.0,201,17.9521
417630,TIGER KEDI혁신기업ESG30,2,domestic_theme,위험자산,KRX,17518.0,201,22.0719
433220,에셋플러스 글로벌대장장이액티브,4,overseas_equity,위험자산,Global,28655.0,200,9.593
0047P0,RISE 테슬라고정테크100,4,overseas_equity,위험자산,Other_Overseas,13346.0,200,-11.125
440340,TIGER 글로벌멀티에셋TIF액티브,7,mixed_bond,안전자산,KRX,12446.0,199,2.8529
469790,KIWOOM K-테크TOP10,2,domestic_theme,위험자산,KRX,28070.0,197,43.7548
391670,HK 베스트일레븐액티브,1,domestic_equity,위험자산,KRX,20716.0,196,28.2296
464920,PLUS 일본반도체소부장,4,overseas_equity,위험자산,USA,21774.0,195,20.3026
292500,SOL KRX300,1,domestic_equity,위험자산,KRX,38826.0,194,36.8959
102960,KODEX 기계장비,2,domestic_theme,위험자산,KRX,15891.0,191,11.4718
292160,TIGER KRX300,1,domestic_equity,위험자산,KRX,38260.0,191,37.8116
460660,RISE 미국S&P배당킹,4,overseas_equity,위험자산,USA,11585.0,191,0.643
387280,TIGER 퓨처모빌리티액티브,2,domestic_theme,위험자산,KRX,11618.0,189,22.8896
404260,KODEX 기후변화솔루션,2,domestic_theme,위험자산,KRX,21074.0,189,30.9268
491510,파워 K-주주가치액티브,2,domestic_theme,위험자산,KRX,17258.0,189,15.1401
0015F0,KIWOOM 팔란티어미국30년국채혼합액티브(H),7,mixed_bond,안전자산,KRX,10611.0,189,-7.0443
496120,ACE 코리아밸류업,1,domestic_equity,위험자산,KRX,25103.0,189,42.6372
0067Y0,TIGER 차이나AI소프트웨어,4,overseas_equity,위험자산,China,12263.0,188,-2.2214
0051A0,KoAct 브로드컴밸류체인액티브,4,overseas_equity,위험자산,Other_Overseas,18657.0,185,10.5406
468370,KODEX iShares미국인플레이션국채액티브,6,bond_money_market,안전자산,KRX,11791.0,185,2.287
364690,KODEX 혁신기술테마액티브,1,domestic_equity,위험자산,KRX,30714.0,184,35.0249
448490,HANARO 32-10 국고채액티브,6,bond_money_market,안전자산,KRX,53960.0,184,-3.0461
477490,에셋플러스 글로벌일등기업포커스10액티브,4,overseas_equity,위험자산,Global,18444.0,184,-8.0486
159800,마이티 코스피100,1,domestic_equity,위험자산,KRX,65725.0,183,38.816
385600,ACE 2차전지&친환경차액티브,2,domestic_theme,위험자산,KRX,10166.0,182,19.9753
0153P0,ACE 리츠부동산인프라액티브,2,domestic_theme,위험자산,KRX,10588.0,180,
229720,KODEX KTOP30,1,domestic_equity,위험자산,KRX,30049.0,180,29.9555
419650,PLUS 글로벌수소&차세대연료전지,4,overseas_equity,위험자산,USA,4696.0,179,2.8199
371150,RISE 차이나항셍테크,4,overseas_equity,위험자산,China,7679.0,179,-13.8895
213630,PLUS 미국다우존스고배당주(합성 H),4,overseas_equity,위험자산,USA,19199.0,176,1.4018
376410,TIGER 탄소효율그린뉴딜,2,domestic_theme,위험자산,KRX,19557.0,176,36.8422
375760,HANARO 탄소효율그린뉴딜,2,domestic_theme,위험자산,KRX,19419.0,175,37.5407
0028X0,KODEX 미국금융테크액티브,4,overseas_equity,위험자산,USA,11010.0,175,-16.9403
449580,RISE 테슬라애플아마존채권혼합,7,mixed_bond,안전자산,KRX,15924.0,174,-6.0663
289040,KODEX MSCI KOREA ESG유니버설,2,domestic_theme,위험자산,KRX,24590.0,173,40.8097
453010,PLUS KOFR금리,7,mixed_bond,안전자산,KRX,108639.0,173,0.5926
0115C0,RISE 미국고배당다우존스TOP10,4,overseas_equity,위험자산,USA,11531.0,173,8.0653
453630,KODEX 미국S&P500필수소비재,4,overseas_equity,위험자산,USA,12866.0,173,5.7885
438900,HANARO Fn K-푸드,2,domestic_theme,위험자산,KRX,11824.0,171,-2.8814
0021D0,ACE TDF2030액티브,7,mixed_bond,안전자산,KRX,10996.0,170,-3.3989
239660,PLUS 우량회사채50,6,bond_money_market,안전자산,KRX,120435.0,169,0.1165
447660,PLUS 애플채권혼합,7,mixed_bond,안전자산,KRX,13003.0,169,-2.5892
407820,에셋플러스 코리아플랫폼액티브,2,domestic_theme,위험자산,KRX,8410.0,169,4.1442
337150,KODEX 200exTOP,2,domestic_theme,위험자산,KRX,24050.0,168,17.7626
276000,TIGER 글로벌자원생산기업(합성 H),4,overseas_equity,위험자산,Global,19921.0,168,13.2304
498050,HANARO 바이오코리아액티브,2,domestic_theme,위험자산,KRX,15992.0,168,-0.8286
367740,HANARO Fn5G산업,2,domestic_theme,위험자산,KRX,30203.0,167,41.8757
400570,KODEX 유럽탄소배출권선물ICE(H),4,overseas_equity,위험자산,Europe,9588.0,167,-23.3002
108590,TREX 200,1,domestic_equity,위험자산,KRX,83296.0,167,37.8301
250730,RISE 차이나HSCEI(H),4,overseas_equity,위험자산,China,9920.0,167,-7.8514
461900,PLUS 미국테크TOP10,4,overseas_equity,위험자산,USA,20708.0,166,-10.1428
301400,PLUS 코스닥150,1,domestic_equity,위험자산,KRX,19751.0,166,23.59
289250,TIGER MSCI KOREA ESG유니버설,2,domestic_theme,위험자산,KRX,24923.0,164,39.3238
291130,ACE MSCI멕시코(합성),4,overseas_equity,위험자산,Other_Overseas,18381.0,164,0.6874
337120,KODEX 멀티팩터,2,domestic_theme,위험자산,KRX,27767.0,164,34.0134
469050,RISE 미국반도체NYSE(H),4,overseas_equity,위험자산,USA,20486.0,163,7.1747
0086C0,TIGER 리츠부동산인프라10채권혼합액티브,7,mixed_bond,안전자산,KRX,10411.0,161,3.3652
289260,TIGER MSCI KOREA ESG리더스,2,domestic_theme,위험자산,KRX,20561.0,160,25.9707
265690,ACE 러시아MSCI(합성),4,overseas_equity,위험자산,Other_Overseas,48.0,158,0.0
464600,SOL 자동차소부장Fn,2,domestic_theme,위험자산,KRX,16685.0,158,25.0285
0001P0,마이티 바이오시밀러&CDMO액티브,2,domestic_theme,위험자산,KRX,13499.0,156,10.0546
292050,RISE KRX300,1,domestic_equity,위험자산,KRX,39229.0,156,37.2786
300610,TIGER K게임,2,domestic_theme,위험자산,KRX,6215.0,156,-3.695
463640,KODEX 미국S&P500유틸리티,4,overseas_equity,위험자산,USA,15579.0,155,5.8448
483330,ACE 마이크로소프트밸류체인액티브,4,overseas_equity,위험자산,Other_Overseas,11494.0,155,-13.6536
104520,KIWOOM 블루칩,2,domestic_theme,위험자산,KRX,13947.0,154,15.9385
442550,RISE TDF2030액티브,7,mixed_bond,안전자산,KRX,13972.0,153,-1.2703
354350,HANARO 글로벌럭셔리S&P(합성),4,overseas_equity,위험자산,USA,20112.0,153,-15.9019
0090B0,PLUS K방산소부장,2,domestic_theme,위험자산,KRX,10463.0,152,7.7167
195920,TIGER 일본TOPIX(합성 H),4,overseas_equity,위험자산,Japan,30528.0,152,3.8732
304760,HANARO KRX300,1,domestic_equity,위험자산,KRX,37457.0,150,37.0589
183710,RISE 주식혼합,7,mixed_bond,안전자산,KRX,74657.0,150,26.9409
474920,에셋플러스 차이나일등기업포커스10액티브,4,overseas_equity,위험자산,China,15695.0,150,-14.2225
422260,VITA MZ소비액티브,2,domestic_theme,위험자산,KRX,10023.0,150,-1.9109
482030,KoAct 반도체&2차전지핵심소재액티브,2,domestic_theme,위험자산,KRX,11966.0,149,26.2115
446700,RISE 배터리 리사이클링,2,domestic_theme,위험자산,KRX,11986.0,148,5.0678
266410,KODEX 필수소비재,2,domestic_theme,위험자산,KRX,9264.0,148,9.3673
0018Z0,RISE 미국양자컴퓨팅,4,overseas_equity,위험자산,USA,14955.0,148,-14.8746
281990,RISE 중소형고배당,2,domestic_theme,위험자산,KRX,18506.0,147,13.9514
0094X0,1Q 샤오미밸류체인액티브,4,overseas_equity,위험자산,Other_Overseas,9584.0,147,-4.1515
280320,ACE 미국IT인터넷(합성 H),4,overseas_equity,위험자산,USA,18328.0,146,-12.7298
432840,HANARO 미국S&P500,4,overseas_equity,위험자산,USA,18339.0,146,-3.6024
381560,HANARO Fn전기&수소차,2,domestic_theme,위험자산,KRX,13180.0,145,29.0435
0013P0,RISE 미국은행TOP10,4,overseas_equity,위험자산,USA,11262.0,145,-11.6943
371870,ACE 차이나항셍테크,4,overseas_equity,위험자산,China,7672.0,144,-13.0674
227830,PLUS 코스피,1,domestic_equity,위험자산,KRX,57620.0,144,31.9713
487950,KODEX 대만테크고배당다우존스,4,overseas_equity,위험자산,USA,10830.0,144,10.0681
0000H0,KODEX 인도Nifty미드캡100,2,domestic_theme,위험자산,KRX,9910.0,143,-14.8316
413930,WON AI ESG액티브,2,domestic_theme,위험자산,KRX,21803.0,142,34.2975
469160,ACE 일본반도체,4,overseas_equity,위험자산,Japan,20558.0,142,20.8212
494180,TIME 글로벌소비트렌드액티브,4,overseas_equity,위험자산,Global,13581.0,141,-1.8421
404120,TIME K신재생에너지액티브,2,domestic_theme,위험자산,KRX,23563.0,140,36.6862
0164G0,RISE 차이나AI반도체TOP4Plus,4,overseas_equity,위험자산,China,9729.0,140,
472720,TRUSTON 주주가치액티브,1,domestic_equity,위험자산,KRX,23300.0,139,25.6285
140580,RISE 우량업종대표주,2,domestic_theme,위험자산,KRX,23194.0,139,24.876
417450,RISE 글로벌수소경제,4,overseas_equity,위험자산,Global,13629.0,138,15.955
354240,RISE 미국고정배당우선증권,7,mixed_bond,안전자산,KRX,11640.0,138,0.7516
0105D0,SOL 한국AI소프트웨어,2,domestic_theme,위험자산,KRX,9858.0,138,-5.7226
419420,KODEX 미국클린에너지나스닥,4,overseas_equity,위험자산,USA,9167.0,137,-0.4955
0113G0,KoAct 미국바이오헬스케어액티브,4,overseas_equity,위험자산,USA,9872.0,137,-9.4713
228820,TIGER KTOP30,1,domestic_equity,위험자산,KRX,15082.0,136,30.3285
457700,KODEX 53-09 국고채액티브,6,bond_money_market,안전자산,KRX,10305.0,136,-7.1108
464610,SOL 의료기기소부장Fn,2,domestic_theme,위험자산,KRX,9862.0,134,-4.2428
244620,KODEX 모멘텀Plus,2,domestic_theme,위험자산,KRX,19338.0,134,27.1036
484890,SOL 머니마켓액티브,6,bond_money_market,안전자산,KRX,51924.0,133,0.6356
453660,KODEX 미국S&P500경기소비재,4,overseas_equity,위험자산,USA,17779.0,132,-10.6433
451600,PLUS 국고채30년액티브,6,bond_money_market,안전자산,KRX,96291.0,132,-7.6037
269370,TIGER S&P글로벌인프라(합성),4,overseas_equity,위험자산,USA,18767.0,132,8.4029
332610,PLUS 미국단기회사채(AAA~A),6,bond_money_market,안전자산,KRX,136355.0,131,2.6186
435040,ACE 글로벌브랜드TOP10,4,overseas_equity,위험자산,Global,18752.0,131,-8.3985
137610,TIGER 농산물선물Enhanced(H),5,commodity,위험자산,KRX,5421.0,131,7.7311
428560,KODEX 미국ETF산업Top10 Indxx,4,overseas_equity,위험자산,USA,16390.0,130,-5.3475
0127V0,KIWOOM 미국S&P500 TOP10&배당다우비중전환,4,overseas_equity,위험자산,USA,9950.0,129,-3.7241
0133E0,TIGER 차이나증권,4,overseas_equity,위험자산,China,8661.0,129,
234310,RISE V&S셀렉트밸류,2,domestic_theme,위험자산,KRX,25814.0,129,26.6666
416090,ACE 중국과창판STAR50,4,overseas_equity,위험자산,China,10839.0,128,-2.7727
0021C0,ACE 장기자산배분액티브,7,mixed_bond,안전자산,KRX,12797.0,128,-1.439
131890,ACE 삼성그룹동일가중,2,domestic_theme,위험자산,KRX,31954.0,128,15.2854
485810,TIME 글로벌바이오액티브,4,overseas_equity,위험자산,Global,10202.0,127,-8.4537
140710,KODEX 운송,2,domestic_theme,위험자산,KRX,6659.0,126,9.8388
117690,TIGER 차이나항셍30,4,overseas_equity,위험자산,China,21334.0,126,-7.6036
496130,TRUSTON 코리아밸류업액티브,1,domestic_equity,위험자산,KRX,21088.0,126,30.3567
452440,VITA 밸류알파액티브,2,domestic_theme,위험자산,KRX,18085.0,126,7.6249
0127T0,KIWOOM 미국S&P500&배당다우존스비중전환,4,overseas_equity,위험자산,USA,10383.0,125,0.2953
463690,KODEX 미국S&P500커뮤니케이션,4,overseas_equity,위험자산,USA,19357.0,125,-2.1982
404650,SOL KRX기후변화솔루션,2,domestic_theme,위험자산,KRX,21015.0,125,30.01
465670,TIGER 미국캐시카우100,4,overseas_equity,위험자산,USA,14646.0,124,-2.6519
395760,PLUS ESG성장주액티브,2,domestic_theme,위험자산,KRX,17816.0,124,30.8995
385710,TIME K이노베이션액티브,2,domestic_theme,위험자산,KRX,12178.0,122,17.5939
453060,HANARO KOFR금리액티브(합성),6,bond_money_market,안전자산,KRX,110133.0,121,0.6167
114460,ACE 국고채3년,6,bond_money_market,안전자산,KRX,100809.0,121,-0.9583
373490,KODEX 코리아혁신성장액티브,2,domestic_theme,위험자산,KRX,24146.0,120,32.8611
253280,RISE 헬스케어,2,domestic_theme,위험자산,KRX,18059.0,118,5.5738
0087F0,ACE 차이나AI빅테크TOP2+액티브,4,overseas_equity,위험자산,China,10721.0,117,-5.8593
280920,PLUS 주도업종,2,domestic_theme,위험자산,KRX,20990.0,116,24.5576
251590,PLUS 고배당저변동50,2,domestic_theme,위험자산,KRX,17979.0,116,8.0483
279540,KODEX 최소변동성,2,domestic_theme,위험자산,KRX,19391.0,115,25.4599
456250,KODEX 유럽명품TOP10 STOXX,4,overseas_equity,위험자산,Europe,9064.0,114,-21.6692
310080,RISE 중국MSCI China(H),4,overseas_equity,위험자산,China,9643.0,114,-10.9542
285690,FOCUS ESG리더스,2,domestic_theme,위험자산,KRX,19027.0,114,18.5958
0093B0,RISE 엔비디아고정테크100,4,overseas_equity,위험자산,Other_Overseas,10967.0,114,-6.4347
105010,TIGER 라틴35,4,overseas_equity,위험자산,Other_Overseas,6719.0,114,14.469
395150,KODEX 웹툰&드라마,2,domestic_theme,위험자산,KRX,2587.0,113,-16.2829
430500,KIWOOM 물가채KIS,7,mixed_bond,안전자산,KRX,113289.0,113,-0.6213
379790,RISE 유로스탁스50(H),4,overseas_equity,위험자산,Other_Overseas,15159.0,113,-5.1248
0138D0,RISE 동학개미,2,domestic_theme,위험자산,KRX,13832.0,111,32.0939
215620,HK S&P코리아로우볼,2,domestic_theme,위험자산,KRX,17852.0,111,5.5672
451150,에셋플러스 글로벌영에이지액티브,4,overseas_equity,위험자산,Global,17793.0,110,-13.3317
269530,PLUS S&P글로벌인프라,4,overseas_equity,위험자산,USA,21853.0,110,10.2814
487910,ACE 인도컨슈머파워액티브,4,overseas_equity,위험자산,India,8412.0,109,-13.8818
449680,TIGER 한중전기차(합성),7,mixed_bond,안전자산,KRX,12898.0,109,13.3248
0047N0,PLUS 차이나AI테크TOP10,4,overseas_equity,위험자산,USA,10908.0,108,-6.9568
460270,KIWOOM 미국달러SOFR금리액티브(합성),6,bond_money_market,안전자산,KRX,13354.0,108,3.0464
0008E0,ACE 미국중심중소형제조업,4,overseas_equity,위험자산,USA,12731.0,108,4.2426
0120J0,BNK 카카오그룹포커스,2,domestic_theme,위험자산,KRX,9756.0,107,-4.9053
326230,RISE 내수주플러스,2,domestic_theme,위험자산,KRX,11927.0,107,9.138
480460,WON 한국부동산TOP3플러스,7,mixed_bond,안전자산,KRX,10476.0,105,5.4783
395280,HANARO Fn K-게임,2,domestic_theme,위험자산,KRX,3763.0,103,-1.1985
237440,TIGER 경기방어채권혼합,7,mixed_bond,안전자산,KRX,10261.0,102,1.1318
399580,RISE 글로벌클린에너지,4,overseas_equity,위험자산,Global,10172.0,102,12.6516
0004G0,1Q 미국배당TOP30,4,overseas_equity,위험자산,USA,9214.0,101,0.8638
494340,ACE 글로벌AI맞춤형반도체,4,overseas_equity,위험자산,Global,13557.0,101,3.3181
0102X0,ACE 유럽방산TOP10,4,overseas_equity,위험자산,Europe,10618.0,101,14.7104
411860,KIWOOM 독일DAX,4,overseas_equity,위험자산,Other_Overseas,16632.0,100,-9.4319
341850,TIGER 리츠부동산인프라채권,7,mixed_bond,안전자산,KRX,4983.0,99,3.5307
0127R0,RISE 미국AI클라우드인프라,4,overseas_equity,위험자산,USA,11772.0,99,4.7361
466810,BNK 2차전지양극재,2,domestic_theme,위험자산,KRX,6854.0,99,4.7697
0036Z0,RISE 미국천연가스밸류체인,4,overseas_equity,위험자산,USA,13820.0,97,33.4823
266390,KODEX 경기소비재,2,domestic_theme,위험자산,KRX,10817.0,97,0.3829
489860,KIWOOM 글로벌전력GRID인프라,4,overseas_equity,위험자산,Global,14637.0,96,6.751
0082F0,HANARO 유럽방산,4,overseas_equity,위험자산,Europe,11149.0,95,4.8847
181480,ACE 미국부동산리츠(합성 H),7,mixed_bond,안전자산,KRX,79010.0,94,0.22
0002C0,에셋플러스 인도일등기업포커스20액티브,4,overseas_equity,위험자산,India,8672.0,93,-20.9945
435550,KIWOOM TDF2050액티브,7,mixed_bond,안전자산,KRX,16906.0,93,-0.2377
429740,PLUS K리츠,7,mixed_bond,안전자산,KRX,7102.0,92,1.9246
375270,RISE 글로벌데이터센터리츠(합성),7,mixed_bond,안전자산,KRX,14200.0,92,8.7921
380340,ACE 코리아AI테크핵심산업,2,domestic_theme,위험자산,KRX,18310.0,91,17.5369
140570,RISE 수출주,2,domestic_theme,위험자산,KRX,22378.0,89,20.0165
270800,RISE KQ고배당,2,domestic_theme,위험자산,KRX,16093.0,88,16.388
483020,KIWOOM 의료AI,2,domestic_theme,위험자산,KRX,13517.0,87,-2.091
497510,ACE 글로벌빅파마,4,overseas_equity,위험자산,Global,12354.0,86,-0.4
429010,TIGER 미국나스닥넥스트100,4,overseas_equity,위험자산,USA,17206.0,86,-3.4208
487920,ACE 인도시장대표BIG5그룹액티브,4,overseas_equity,위험자산,India,7803.0,86,-14.6222
433250,UNICORN R&D 액티브,1,domestic_equity,위험자산,KRX,21396.0,86,20.6755
381570,HANARO Fn친환경에너지,2,domestic_theme,위험자산,KRX,11363.0,85,36.4741
450180,KODEX 한중전기차(합성),7,mixed_bond,안전자산,KRX,13215.0,85,14.1921
174350,TIGER 로우볼,2,domestic_theme,위험자산,KRX,20201.0,85,8.6045
0084D0,KIWOOM 미국테크100월간목표헤지액티브,7,mixed_bond,안전자산,KRX,10645.0,85,-2.7612
488290,마이다스 일본테크액티브,4,overseas_equity,위험자산,Japan,34253.0,85,5.9757
0005C0,RISE 미국S&P500엔화노출(합성 H),6,bond_money_market,안전자산,KRX,10620.0,85,-7.7285
390400,KODEX 미국스마트모빌리티S&P,4,overseas_equity,위험자산,USA,7117.0,85,-4.5186
139290,TIGER 200 경기소비재,2,domestic_theme,위험자산,KRX,26193.0,84,21.9616
437370,RISE 글로벌농업경제,4,overseas_equity,위험자산,Global,11051.0,83,12.836
435540,KIWOOM TDF2040액티브,7,mixed_bond,안전자산,KRX,16513.0,82,0.0303
0131A0,SOL 차이나소비트렌드,4,overseas_equity,위험자산,China,11260.0,82,7.1942
499150,SOL 미국S&P500엔화노출(H),4,overseas_equity,위험자산,USA,10291.0,82,-6.6433
0154H0,KoAct 차이나바이오헬스케어액티브,4,overseas_equity,위험자산,China,8767.0,82,
182490,TIGER 단기선진하이일드(합성 H),6,bond_money_market,안전자산,KRX,13639.0,82,-0.9479
0053M0,더제이 중소형포커스액티브,2,domestic_theme,위험자산,KRX,13576.0,81,28.4889
497520,ACE 일라이릴리밸류체인,4,overseas_equity,위험자산,Other_Overseas,11587.0,81,-9.945
462340,에셋플러스 글로벌다이나믹시니어액티브,4,overseas_equity,위험자산,Global,15614.0,81,-11.566
457930,BNK 미래전략기술액티브,2,domestic_theme,위험자산,KRX,26769.0,80,32.0903
438740,마이다스 중소형액티브,2,domestic_theme,위험자산,KRX,35720.0,80,13.3289
429980,SOL 한국형글로벌전기차&2차전지액티브,7,mixed_bond,안전자산,KRX,16045.0,80,0.7182
413220,SOL 차이나태양광CSI(합성),4,overseas_equity,위험자산,China,6662.0,79,21.7789
227570,TIGER 우량가치,2,domestic_theme,위험자산,KRX,20260.0,79,20.7803
488200,KIWOOM K-2차전지북미공급망,2,domestic_theme,위험자산,KRX,12997.0,78,16.7365
391600,ACE 미국친환경그린테마,4,overseas_equity,위험자산,USA,11854.0,76,2.145
435530,KIWOOM TDF2030액티브,7,mixed_bond,안전자산,KRX,14940.0,75,0.2686
368680,KODEX K-뉴딜디지털플러스,2,domestic_theme,위험자산,KRX,8392.0,75,-4.6236
256450,PLUS 심천차이넥스트(합성),4,overseas_equity,위험자산,USA,15245.0,74,5.3127
404540,TIGER KRX기후변화솔루션,2,domestic_theme,위험자산,KRX,21243.0,74,30.0476
139240,TIGER 200 철강소재,2,domestic_theme,위험자산,KRX,13686.0,74,6.1332
291890,KODEX MSCI EM선물(H),4,overseas_equity,위험자산,EM,10497.0,73,-0.2993
0132D0,KoAct 글로벌K컬처밸류체인액티브,7,mixed_bond,안전자산,KRX,9816.0,73,-5.6539
244670,KODEX 밸류Plus,2,domestic_theme,위험자산,KRX,12009.0,72,11.1699
316300,ACE 싱가포르리츠,7,mixed_bond,안전자산,KRX,14232.0,71,-3.5339
456200,PLUS 미국달러SOFR금리액티브(합성),6,bond_money_market,안전자산,KRX,63820.0,71,2.8025
488480,RISE 일본섹터TOP4Plus,4,overseas_equity,위험자산,Japan,12866.0,70,4.0233
0078V0,PLUS 미국로보택시,4,overseas_equity,위험자산,USA,10522.0,68,-18.9831
189400,PLUS 글로벌MSCI(합성 H),4,overseas_equity,위험자산,USA,22540.0,68,-4.5806
395750,PLUS ESG가치주액티브,2,domestic_theme,위험자산,KRX,16513.0,66,29.3999
307510,TIGER 의료기기,2,domestic_theme,위험자산,KRX,18807.0,65,1.5102
315270,TIGER 200커뮤니케이션서비스,2,domestic_theme,위험자산,KRX,21537.0,65,-1.9884
314700,HANARO 농업융복합산업,2,domestic_theme,위험자산,KRX,11685.0,64,2.7752
402460,HANARO Fn K-메타버스MZ,2,domestic_theme,위험자산,KRX,9659.0,63,11.0718
474390,SOL 국고채30년액티브,6,bond_money_market,안전자산,KRX,46696.0,62,-7.0943
295000,RISE 국채선물10년,6,bond_money_market,안전자산,KRX,52369.0,60,-2.5407
138920,KODEX 콩선물(H),5,commodity,위험자산,KRX,11881.0,60,8.1459
400590,SOL 글로벌탄소배출권선물ICE(합성),4,overseas_equity,위험자산,Global,11927.0,59,-25.1994
407300,HANARO Fn골프테마,2,domestic_theme,위험자산,KRX,10901.0,59,12.2753
483030,KIWOOM 미국블록버스터바이오테크의약품+,4,overseas_equity,위험자산,USA,11178.0,56,-0.0021
0114X0,RISE 글로벌게임테크TOP3Plus,4,overseas_equity,위험자산,Global,7866.0,55,-15.5721
289670,PLUS 국채선물10년,6,bond_money_market,안전자산,KRX,53015.0,55,-2.5408
432600,RISE 국채선물3년,6,bond_money_market,안전자산,KRX,54729.0,55,-0.8715
476000,UNICORN 포스트IPO액티브,2,domestic_theme,위험자산,KRX,12097.0,54,3.3731
490330,KoAct 미국치매&뇌질환치료제액티브,4,overseas_equity,위험자산,USA,12056.0,54,-4.9252
261920,ACE MSCI필리핀(합성),4,overseas_equity,위험자산,Other_Overseas,13257.0,53,-1.709
334690,RISE 팔라듐선물(H),5,commodity,위험자산,KRX,6592.0,53,-31.5798
321410,KODEX 멀티에셋하이인컴(H),7,mixed_bond,안전자산,KRX,10414.0,52,-0.2565
0015E0,KIWOOM 엔비디아미국30년국채혼합액티브(H),7,mixed_bond,안전자산,KRX,10380.0,52,-3.5982
397420,RISE 국채선물5년추종,6,bond_money_market,안전자산,KRX,50529.0,52,-1.3607
220130,SOL 차이나강소기업CSI500(합성 H),4,overseas_equity,위험자산,China,6414.0,50,3.9297
476310,RISE 글로벌비만산업TOP2+,4,overseas_equity,위험자산,Global,9157.0,50,-12.9339
427120,RISE AI플랫폼,2,domestic_theme,위험자산,KRX,6832.0,49,-7.0769
400580,SOL 유럽탄소배출권선물S&P(H),4,overseas_equity,위험자산,USA,9840.0,49,-23.8051
498610,RISE 인도디지털성장,4,overseas_equity,위험자산,India,8243.0,49,-24.8241
244660,KODEX 퀄리티Plus,2,domestic_theme,위험자산,KRX,9866.0,49,3.8502
267440,RISE 미국장기국채선물(H),6,bond_money_market,안전자산,KRX,8262.0,49,-2.7963
0050E0,PLUS 미국AI에이전트,4,overseas_equity,위험자산,USA,8022.0,48,-23.4451
401590,HANARO 글로벌탄소배출권선물ICE(합성),4,overseas_equity,위험자산,Global,9549.0,48,-25.2935
373790,KIWOOM 미국방어배당성장나스닥,4,overseas_equity,위험자산,USA,16511.0,47,3.8015
0015K0,TIGER 미국소비트렌드액티브,4,overseas_equity,위험자산,USA,7308.0,46,-15.8896
266550,PLUS 중형주저변동50,2,domestic_theme,위험자산,KRX,18346.0,46,16.211
394350,KIWOOM 글로벌퓨처모빌리티,4,overseas_equity,위험자산,Global,15297.0,46,-5.2599
226380,ACE Fn성장소비주도주,2,domestic_theme,위험자산,KRX,6467.0,45,-3.7263
227560,TIGER 200 생활소비재,2,domestic_theme,위험자산,KRX,13177.0,45,5.9646
0010E0,ACE FTSE WGBI Korea,6,bond_money_market,안전자산,KRX,91916.0,44,-3.9325
277650,TIGER 코스피중형주,2,domestic_theme,위험자산,KRX,22281.0,44,12.5321
488210,KIWOOM K-반도체북미공급망,2,domestic_theme,위험자산,KRX,20992.0,42,62.2292
238670,PLUS 스마트베타Quality채권혼합,7,mixed_bond,안전자산,KRX,12873.0,39,4.2914
227550,TIGER 200 산업재,2,domestic_theme,위험자산,KRX,13646.0,36,28.2038
470310,UNICORN 생성형AI강소기업액티브,2,domestic_theme,위험자산,KRX,14089.0,35,22.4679
454180,KIWOOM 차이나내수소비TOP CSI,4,overseas_equity,위험자산,China,8678.0,35,-8.1121
424460,HANARO 글로벌워터MSCI(합성),4,overseas_equity,위험자산,Global,15759.0,31,0.3556
426330,KIWOOM 미국ETF산업STOXX,4,overseas_equity,위험자산,USA,15626.0,31,-4.956
0079X0,ACE BYD밸류체인액티브,4,overseas_equity,위험자산,Other_Overseas,12186.0,31,-1.98
489010,PLUS 글로벌AI인프라,4,overseas_equity,위험자산,USA,17351.0,26,7.4375
441330,KIWOOM 차이나A50커넥트MSCI,4,overseas_equity,위험자산,China,12606.0,25,-6.3432
460280,KIWOOM Fn유전자혁신기술,2,domestic_theme,위험자산,KRX,13522.0,14,5.5155
